1488.4700	87.0000	92.0000
1487.4789	4.0000	15.0000
1486.4878	6.0000	13.0000
1485.4966	5.0000	11.0000
1484.5055	5.0000	8.0000
1483.5144	5.0000	6.0000
1482.5232	8.0000	11.0000
1481.5321	5.0000	8.0000
1480.5409	6.0000	12.0000
1479.5498	6.0000	12.0000
1478.5587	24.0000	43.0000
1477.5675	33.0000	49.0000
1476.5764	35.0000	54.0000
1475.5853	18.0000	33.0000
1474.5941	13.0000	25.0000
1473.6030	10.0000	26.0000
1472.6119	9.0000	17.0000
1471.6207	8.0000	15.0000
1470.6296	7.0000	13.0000
1469.6385	11.0000	19.0000
1468.6473	8.0000	20.0000
1467.6562	10.0000	18.0000
1466.6652	7.0000	16.0000
1465.6740	10.0000	16.0000
1464.6829	10.0000	17.0000
1463.6918	7.0000	18.0000
1462.7006	10.0000	22.0000
1461.7095	7.0000	22.0000
1460.7184	12.0000	19.0000
1459.7272	16.0000	28.0000
1458.7361	10.0000	17.0000
1457.7450	8.0000	23.0000
1456.7538	13.0000	23.0000
1455.7627	9.0000	16.0000
1454.7716	13.0000	26.0000
1453.7804	6.0000	15.0000
1452.7893	11.0000	23.0000
1451.7982	13.0000	22.0000
1450.8070	11.0000	20.0000
1449.8159	11.0000	18.0000
1448.8248	10.0000	21.0000
1447.8336	8.0000	14.0000
1446.8425	9.0000	16.0000
1445.8513	12.0000	21.0000
1444.8602	10.0000	23.0000
1443.8691	7.0000	17.0000
1442.8779	13.0000	26.0000
1441.8868	13.0000	23.0000
1440.8958	5.0000	16.0000
1439.9045	8.0000	15.0000
1438.9135	12.0000	17.0000
1437.9224	13.0000	25.0000
1436.9312	15.0000	26.0000
1435.9401	8.0000	18.0000
1434.9490	7.0000	26.0000
1433.9578	11.0000	24.0000
1432.9667	12.0000	23.0000
1431.9756	19.0000	31.0000
1430.9844	7.0000	13.0000
1429.9933	14.0000	26.0000
1429.0022	14.0000	29.0000
1428.0110	17.0000	29.0000
1427.0199	22.0000	40.0000
1426.0288	20.0000	37.0000
1425.0376	19.0000	38.0000
1424.0465	16.0000	37.0000
1423.0554	21.0000	44.0000
1422.0642	23.0000	41.0000
1421.0731	21.0000	49.0000
1420.0820	16.0000	38.0000
1419.0908	21.0000	33.0000
1418.0997	23.0000	42.0000
1417.1086	19.0000	37.0000
1416.1174	11.0000	32.0000
1415.1263	14.0000	28.0000
1414.1351	20.0000	37.0000
1413.1440	14.0000	27.0000
1412.1530	16.0000	36.0000
1411.1617	15.0000	32.0000
1410.1707	12.0000	27.0000
1409.1796	24.0000	35.0000
1408.1884	15.0000	32.0000
1407.1973	17.0000	33.0000
1406.2062	15.0000	28.0000
1405.2150	18.0000	28.0000
1404.2239	14.0000	30.0000
1403.2328	10.0000	20.0000
1402.2416	14.0000	28.0000
1401.2505	15.0000	32.0000
1400.2594	16.0000	29.0000
1399.2682	12.0000	28.0000
1398.2771	9.0000	23.0000
1397.2860	16.0000	24.0000
1396.2948	14.0000	28.0000
1395.3037	14.0000	34.0000
1394.3126	20.0000	37.0000
1393.3214	16.0000	28.0000
1392.3303	25.0000	42.0000
1391.3392	13.0000	28.0000
1390.3480	16.0000	33.0000
1389.3569	15.0000	30.0000
1388.3658	14.0000	32.0000
1387.3746	21.0000	53.0000
1386.3835	14.0000	31.0000
1385.3925	18.0000	39.0000
1384.4012	13.0000	34.0000
1383.4102	19.0000	36.0000
1382.4191	23.0000	40.0000
1381.4279	17.0000	33.0000
1380.4368	25.0000	34.0000
1379.4456	18.0000	37.0000
1378.4545	19.0000	32.0000
1377.4634	18.0000	35.0000
1376.4722	17.0000	36.0000
1375.4811	18.0000	28.0000
1374.4900	14.0000	24.0000
1373.4988	10.0000	31.0000
1372.5077	20.0000	37.0000
1371.5166	17.0000	39.0000
1370.5254	8.0000	29.0000
1369.5343	19.0000	31.0000
1368.5432	13.0000	23.0000
1367.5520	18.0000	27.0000
1366.5609	19.0000	39.0000
1365.5698	17.0000	37.0000
1364.5786	9.0000	21.0000
1363.5875	21.0000	39.0000
1362.5964	11.0000	31.0000
1361.6052	14.0000	35.0000
1360.6141	20.0000	34.0000
1359.6230	8.0000	25.0000
1358.6318	24.0000	53.0000
1357.6407	18.0000	30.0000
1356.6497	18.0000	38.0000
1355.6584	21.0000	40.0000
1354.6674	17.0000	36.0000
1353.6763	12.0000	24.0000
1352.6851	18.0000	34.0000
1351.6940	20.0000	39.0000
1350.7029	16.0000	26.0000
1349.7117	20.0000	31.0000
1348.7206	21.0000	44.0000
1347.7294	20.0000	43.0000
1346.7383	13.0000	28.0000
1345.7472	17.0000	35.0000
1344.7560	16.0000	38.0000
1343.7649	16.0000	34.0000
1342.7738	21.0000	42.0000
1341.7826	19.0000	32.0000
1340.7915	12.0000	37.0000
1339.8004	20.0000	36.0000
1338.8092	12.0000	30.0000
1337.8181	24.0000	39.0000
1336.8270	10.0000	26.0000
1335.8358	22.0000	44.0000
1334.8447	11.0000	28.0000
1333.8536	20.0000	36.0000
1332.8624	14.0000	38.0000
1331.8713	19.0000	35.0000
1330.8802	16.0000	36.0000
1329.8890	10.0000	32.0000
1328.8979	24.0000	46.0000
1327.9069	22.0000	37.0000
1326.9156	20.0000	46.0000
1325.9246	24.0000	44.0000
1324.9335	25.0000	49.0000
1323.9423	26.0000	44.0000
1322.9512	20.0000	43.0000
1321.9601	21.0000	39.0000
1320.9689	18.0000	40.0000
1319.9778	31.0000	52.0000
1318.9867	16.0000	36.0000
1317.9955	17.0000	41.0000
1317.0044	21.0000	40.0000
1316.0133	14.0000	43.0000
1315.0221	20.0000	43.0000
1314.0310	18.0000	39.0000
1313.0398	27.0000	62.0000
1312.0487	21.0000	46.0000
1311.0576	21.0000	47.0000
1310.0664	22.0000	46.0000
1309.0753	23.0000	52.0000
1308.0842	17.0000	48.0000
1307.0930	29.0000	47.0000
1306.1019	26.0000	52.0000
1305.1108	27.0000	53.0000
1304.1196	20.0000	50.0000
1303.1285	24.0000	45.0000
1302.1375	22.0000	53.0000
1301.1462	24.0000	52.0000
1300.1552	30.0000	59.0000
1299.1641	32.0000	55.0000
1298.1729	26.0000	50.0000
1297.1818	34.0000	55.0000
1296.1907	23.0000	57.0000
1295.1995	24.0000	54.0000
1294.2084	35.0000	65.0000
1293.2173	26.0000	60.0000
1292.2261	32.0000	58.0000
1291.2350	36.0000	71.0000
1290.2439	26.0000	58.0000
1289.2527	42.0000	72.0000
1288.2616	36.0000	68.0000
1287.2705	34.0000	67.0000
1286.2793	36.0000	70.0000
1285.2882	41.0000	82.0000
1284.2971	31.0000	68.0000
1283.3059	29.0000	76.0000
1282.3148	38.0000	78.0000
1281.3236	28.0000	68.0000
1280.3325	34.0000	66.0000
1279.3414	50.0000	92.0000
1278.3502	31.0000	76.0000
1277.3591	52.0000	97.0000
1276.3680	45.0000	78.0000
1275.3768	21.0000	64.0000
1274.3857	29.0000	78.0000
1273.3947	45.0000	77.0000
1272.4034	45.0000	86.0000
1271.4124	46.0000	83.0000
1270.4213	43.0000	80.0000
1269.4301	41.0000	79.0000
1268.4390	44.0000	95.0000
1267.4479	36.0000	74.0000
1266.4567	44.0000	98.0000
1265.4656	43.0000	84.0000
1264.4745	41.0000	98.0000
1263.4833	38.0000	78.0000
1262.4922	35.0000	81.0000
1261.5011	52.0000	111.0000
1260.5099	48.0000	106.0000
1259.5188	50.0000	107.0000
1258.5277	54.0000	118.0000
1257.5365	52.0000	102.0000
1256.5454	56.0000	122.0000
1255.5543	54.0000	99.0000
1254.5631	57.0000	100.0000
1253.5720	55.0000	117.0000
1252.5809	61.0000	122.0000
1251.5897	60.0000	123.0000
1250.5986	55.0000	109.0000
1249.6075	47.0000	103.0000
1248.6163	53.0000	113.0000
1247.6252	59.0000	121.0000
1246.6340	73.0000	140.0000
1245.6429	60.0000	120.0000
1244.6519	76.0000	128.0000
1243.6606	78.0000	141.0000
1242.6696	75.0000	150.0000
1241.6785	71.0000	135.0000
1240.6873	69.0000	137.0000
1239.6962	75.0000	145.0000
1238.7051	63.0000	132.0000
1237.7139	72.0000	149.0000
1236.7228	63.0000	134.0000
1235.7317	75.0000	133.0000
1234.7405	82.0000	154.0000
1233.7494	72.0000	146.0000
1232.7583	79.0000	164.0000
1231.7671	73.0000	160.0000
1230.7760	77.0000	165.0000
1229.7849	97.0000	177.0000
1228.7937	79.0000	154.0000
1227.8026	74.0000	175.0000
1226.8115	95.0000	163.0000
1225.8203	92.0000	165.0000
1224.8292	91.0000	170.0000
1223.8381	93.0000	161.0000
1222.8469	89.0000	181.0000
1221.8558	94.0000	190.0000
1220.8647	79.0000	151.0000
1219.8735	84.0000	179.0000
1218.8824	113.0000	192.0000
1217.8914	94.0000	200.0000
1216.9001	91.0000	189.0000
1215.9091	95.0000	207.0000
1214.9178	81.0000	189.0000
1213.9268	142.0000	254.0000
1212.9357	110.0000	199.0000
1211.9445	120.0000	226.0000
1210.9534	151.0000	271.0000
1209.9623	88.0000	228.0000
1208.9711	99.0000	218.0000
1207.9800	114.0000	231.0000
1206.9889	127.0000	243.0000
1205.9977	112.0000	221.0000
1205.0066	120.0000	253.0000
1204.0155	115.0000	225.0000
1203.0243	118.0000	228.0000
1202.0332	148.0000	287.0000
1201.0421	279.0000	545.0000
1200.0509	258.0000	535.0000
1199.0598	254.0000	501.0000
1198.0687	154.0000	322.0000
1197.0775	159.0000	301.0000
1196.0864	162.0000	313.0000
1195.0953	125.0000	296.0000
1194.1041	144.0000	303.0000
1193.1130	160.0000	290.0000
1192.1219	135.0000	281.0000
1191.1307	155.0000	306.0000
1190.1396	169.0000	353.0000
1189.1486	157.0000	314.0000
1188.1573	158.0000	334.0000
1187.1663	149.0000	324.0000
1186.1752	181.0000	353.0000
1185.1840	181.0000	363.0000
1184.1929	171.0000	355.0000
1183.2018	191.0000	382.0000
1182.2106	180.0000	355.0000
1181.2195	185.0000	368.0000
1180.2283	174.0000	383.0000
1179.2372	190.0000	379.0000
1178.2461	171.0000	375.0000
1177.2549	190.0000	364.0000
1176.2638	171.0000	349.0000
1175.2727	192.0000	387.0000
1174.2815	183.0000	390.0000
1173.2904	178.0000	365.0000
1172.2993	197.0000	391.0000
1171.3081	170.0000	348.0000
1170.3170	182.0000	390.0000
1169.3259	176.0000	373.0000
1168.3347	195.0000	388.0000
1167.3436	208.0000	393.0000
1166.3525	213.0000	401.0000
1165.3613	185.0000	407.0000
1164.3702	192.0000	377.0000
1163.3792	206.0000	406.0000
1162.3879	187.0000	382.0000
1161.3969	191.0000	409.0000
1160.4058	220.0000	431.0000
1159.4146	177.0000	360.0000
1158.4235	227.0000	422.0000
1157.4324	205.0000	374.0000
1156.4412	195.0000	389.0000
1155.4501	198.0000	396.0000
1154.4590	223.0000	438.0000
1153.4678	228.0000	431.0000
1152.4767	197.0000	420.0000
1151.4856	193.0000	417.0000
1150.4944	155.0000	366.0000
1149.5033	187.0000	388.0000
1148.5122	199.0000	447.0000
1147.5210	202.0000	380.0000
1146.5299	218.0000	416.0000
1145.5387	202.0000	393.0000
1144.5476	208.0000	421.0000
1143.5565	206.0000	416.0000
1142.5653	183.0000	401.0000
1141.5742	218.0000	420.0000
1140.5831	237.0000	471.0000
1139.5919	190.0000	406.0000
1138.6008	226.0000	474.0000
1137.6097	232.0000	461.0000
1136.6185	236.0000	471.0000
1135.6274	239.0000	466.0000
1134.6364	231.0000	437.0000
1133.6451	222.0000	446.0000
1132.6541	207.0000	441.0000
1131.6630	241.0000	478.0000
1130.6718	326.0000	622.0000
1129.6807	399.0000	764.0000
1128.6896	379.0000	799.0000
1127.6984	486.0000	986.0000
1126.7073	496.0000	976.0000
1125.7162	290.0000	613.0000
1124.7250	367.0000	711.0000
1123.7339	456.0000	930.0000
1122.7428	443.0000	901.0000
1121.7516	531.0000	996.0000
1120.7605	536.0000	1065.0000
1119.7694	685.0000	1375.0000
1118.7782	2660.0000	5337.0000
1117.7871	2716.0000	5423.0000
1116.7960	3053.0000	6144.0000
1115.8048	1119.0000	2253.0000
1114.8137	813.0000	1661.0000
1113.8225	970.0000	1981.0000
1112.8314	2568.0000	5089.0000
1111.8403	2517.0000	5111.0000
1110.8491	2478.0000	4982.0000
1109.8580	1153.0000	2335.0000
1108.8669	991.0000	1960.0000
1107.8757	918.0000	1885.0000
1106.8846	912.0000	1844.0000
1105.8936	939.0000	1895.0000
1104.9023	905.0000	1887.0000
1103.9113	971.0000	1994.0000
1102.9202	978.0000	1964.0000
1101.9290	1038.0000	1992.0000
1100.9379	973.0000	1996.0000
1099.9468	1039.0000	2079.0000
1098.9556	1097.0000	2141.0000
1097.9645	1079.0000	2178.0000
1096.9734	1081.0000	2143.0000
1095.9822	1122.0000	2288.0000
1094.9911	1113.0000	2249.0000
1094.0000	1192.0000	2338.0000
1093.0088	1142.0000	2302.0000
1092.0177	1184.0000	2337.0000
1091.0266	1086.0000	2174.0000
1090.0354	1132.0000	2163.0000
1089.0443	1097.0000	2167.0000
1088.0532	1040.0000	2095.0000
1087.0620	1162.0000	2194.0000
1086.0709	1076.0000	2121.0000
1085.0798	1137.0000	2231.0000
1084.0886	1088.0000	2122.0000
1083.0975	1072.0000	2094.0000
1082.1064	1039.0000	2072.0000
1081.1152	1037.0000	2039.0000
1080.1241	1029.0000	2050.0000
1079.1329	1054.0000	2120.0000
1078.1418	1010.0000	2091.0000
1077.1508	1054.0000	2083.0000
1076.1595	907.0000	1883.0000
1075.1685	953.0000	2005.0000
1074.1774	1012.0000	1954.0000
1073.1862	1011.0000	1938.0000
1072.1951	1055.0000	2063.0000
1071.2040	971.0000	1929.0000
1070.2128	1008.0000	1992.0000
1069.2217	990.0000	1988.0000
1068.2306	1015.0000	2015.0000
1067.2394	995.0000	1966.0000
1066.2483	961.0000	1965.0000
1065.2572	977.0000	1978.0000
1064.2660	994.0000	2023.0000
1063.2749	1094.0000	2105.0000
1062.2838	1063.0000	2049.0000
1061.2926	993.0000	1964.0000
1060.3015	983.0000	1989.0000
1059.3104	1026.0000	1997.0000
1058.3192	994.0000	1974.0000
1057.3281	978.0000	1986.0000
1056.3370	920.0000	1872.0000
1055.3458	955.0000	1969.0000
1054.3547	981.0000	1968.0000
1053.3636	1005.0000	2010.0000
1052.3724	940.0000	1894.0000
1051.3813	1013.0000	1951.0000
1050.3903	963.0000	1919.0000
1049.3990	987.0000	1996.0000
1048.4080	930.0000	1899.0000
1047.4167	965.0000	1942.0000
1046.4257	985.0000	1927.0000
1045.4346	977.0000	1991.0000
1044.4434	986.0000	2006.0000
1043.4523	959.0000	1953.0000
1042.4612	977.0000	1908.0000
1041.4700	951.0000	1914.0000
1040.4789	942.0000	1921.0000
1039.4878	960.0000	1966.0000
1038.4966	963.0000	1939.0000
1037.5055	952.0000	1915.0000
1036.5144	941.0000	1908.0000
1035.5232	968.0000	1951.0000
1034.5321	950.0000	1928.0000
1033.5410	943.0000	1852.0000
1032.5498	988.0000	1968.0000
1031.5587	970.0000	1950.0000
1030.5676	923.0000	1884.0000
1029.5764	899.0000	1862.0000
1028.5853	969.0000	1886.0000
1027.5942	994.0000	1923.0000
1026.6030	946.0000	1900.0000
1025.6119	974.0000	1933.0000
1024.6208	950.0000	1868.0000
1023.6297	967.0000	1913.0000
1022.6385	938.0000	1883.0000
1021.6474	947.0000	1883.0000
1020.6562	947.0000	1885.0000
1019.6652	991.0000	1949.0000
1018.6740	956.0000	1898.0000
1017.6829	883.0000	1794.0000
1016.6918	920.0000	1892.0000
1015.7006	895.0000	1872.0000
1014.7095	959.0000	1920.0000
1013.7184	947.0000	1886.0000
1012.7272	923.0000	1889.0000
1011.7361	941.0000	1908.0000
1010.7450	910.0000	1857.0000
1009.7538	889.0000	1837.0000
1008.7627	942.0000	1935.0000
1007.7716	952.0000	1865.0000
1006.7805	970.0000	1913.0000
1005.7893	916.0000	1813.0000
1004.7982	937.0000	1867.0000
1003.8071	912.0000	1793.0000
1002.8159	972.0000	1934.0000
1001.8248	949.0000	1913.0000
1000.8337	935.0000	1849.0000
999.8425	928.0000	1825.0000
998.8514	908.0000	1843.0000
997.8603	914.0000	1826.0000
996.8691	897.0000	1851.0000
995.8780	908.0000	1829.0000
994.8869	886.0000	1785.0000
993.8958	993.0000	1929.0000
992.9046	985.0000	1937.0000
991.9135	910.0000	1814.0000
990.9224	952.0000	1922.0000
989.9312	992.0000	1957.0000
988.9401	942.0000	1860.0000
987.9490	975.0000	1930.0000
986.9578	928.0000	1914.0000
985.9667	919.0000	1868.0000
984.9756	963.0000	1914.0000
983.9844	960.0000	1927.0000
982.9933	906.0000	1834.0000
982.0022	936.0000	1843.0000
981.0110	946.0000	1861.0000
980.0199	895.0000	1842.0000
979.0288	919.0000	1883.0000
978.0377	940.0000	1874.0000
977.0465	945.0000	1897.0000
976.0554	903.0000	1813.0000
975.0643	931.0000	1848.0000
974.0731	939.0000	1833.0000
973.0820	962.0000	1905.0000
972.0909	936.0000	1836.0000
971.0997	888.0000	1811.0000
970.1086	884.0000	1797.0000
969.1175	963.0000	1855.0000
968.1263	886.0000	1832.0000
967.1352	985.0000	1976.0000
966.1441	931.0000	1879.0000
965.1530	943.0000	1867.0000
964.1618	927.0000	1894.0000
963.1707	916.0000	1881.0000
962.1796	926.0000	1841.0000
961.1884	944.0000	1895.0000
960.1973	917.0000	1809.0000
959.2062	974.0000	1973.0000
958.2150	955.0000	1868.0000
957.2239	993.0000	1954.0000
956.2328	1087.0000	2118.0000
955.2416	1089.0000	2155.0000
954.2505	1032.0000	2005.0000
953.2594	979.0000	1964.0000
952.2682	981.0000	1919.0000
951.2771	962.0000	1927.0000
950.2860	924.0000	1898.0000
949.2949	935.0000	1898.0000
948.3037	944.0000	1896.0000
947.3126	957.0000	1909.0000
946.3215	942.0000	1900.0000
945.3303	927.0000	1845.0000
944.3392	924.0000	1802.0000
943.3481	1009.0000	1948.0000
942.3569	882.0000	1821.0000
941.3658	921.0000	1845.0000
940.3747	982.0000	1962.0000
939.3835	966.0000	1923.0000
938.3924	974.0000	1909.0000
937.4013	948.0000	1946.0000
936.4102	991.0000	1910.0000
935.4190	964.0000	1915.0000
934.4279	977.0000	1967.0000
933.4368	951.0000	1936.0000
932.4456	997.0000	1987.0000
931.4545	1023.0000	1924.0000
930.4634	990.0000	1916.0000
929.4722	970.0000	1979.0000
928.4811	997.0000	2009.0000
927.4900	1046.0000	2063.0000
926.4988	1100.0000	2127.0000
925.5078	1027.0000	2082.0000
924.5166	1080.0000	2152.0000
923.5255	1070.0000	2129.0000
922.5343	1109.0000	2224.0000
921.5432	1084.0000	2140.0000
920.5521	1067.0000	2110.0000
919.5609	1123.0000	2289.0000
918.5698	1148.0000	2296.0000
917.5787	1344.0000	2590.0000
916.5875	1616.0000	3266.0000
915.5964	1967.0000	4042.0000
914.6053	2065.0000	4099.0000
913.6141	2041.0000	4056.0000
912.6230	1598.0000	3264.0000
911.6319	1404.0000	2835.0000
910.6407	1327.0000	2679.0000
909.6497	1255.0000	2542.0000
908.6585	1258.0000	2480.0000
907.6674	1244.0000	2502.0000
906.6762	1244.0000	2496.0000
905.6851	1208.0000	2447.0000
904.6940	1265.0000	2462.0000
903.7028	1228.0000	2482.0000
902.7117	1276.0000	2478.0000
901.7206	1240.0000	2484.0000
900.7294	1334.0000	2658.0000
899.7383	1318.0000	2602.0000
898.7472	1225.0000	2481.0000
897.7560	1295.0000	2683.0000
896.7650	1316.0000	2656.0000
895.7738	1363.0000	2708.0000
894.7827	1338.0000	2686.0000
893.7916	1350.0000	2791.0000
892.8004	1390.0000	2751.0000
891.8093	1349.0000	2707.0000
890.8182	1307.0000	2665.0000
889.8270	1394.0000	2821.0000
888.8359	1428.0000	2790.0000
887.8447	1429.0000	2867.0000
886.8536	1647.0000	3216.0000
885.8625	1722.0000	3383.0000
884.8713	1793.0000	3614.0000
883.8802	1927.0000	3818.0000
882.8891	1672.0000	3311.0000
881.8979	1652.0000	3304.0000
880.9069	1705.0000	3293.0000
879.9157	1538.0000	3108.0000
878.9246	1412.0000	2837.0000
877.9335	1503.0000	2977.0000
876.9423	1419.0000	2861.0000
875.9512	1406.0000	2802.0000
874.9601	1440.0000	2865.0000
873.9689	1358.0000	2785.0000
872.9778	1411.0000	2831.0000
871.9866	1521.0000	2967.0000
870.9955	1444.0000	2870.0000
870.0044	1519.0000	2972.0000
869.0132	1569.0000	3172.0000
868.0222	1488.0000	2971.0000
867.0310	1487.0000	2921.0000
866.0399	1492.0000	2934.0000
865.0488	1410.0000	2863.0000
864.0576	1452.0000	2952.0000
863.0665	1477.0000	2984.0000
862.0754	1445.0000	2921.0000
861.0842	1469.0000	2936.0000
860.0931	1476.0000	2919.0000
859.1020	1473.0000	2957.0000
858.1108	1480.0000	3025.0000
857.1197	1484.0000	2968.0000
856.1285	1471.0000	2941.0000
855.1375	1453.0000	2924.0000
854.1463	1400.0000	2942.0000
853.1552	1390.0000	2840.0000
852.1641	1429.0000	2832.0000
851.1729	1395.0000	2839.0000
850.1818	1463.0000	2914.0000
849.1907	1429.0000	2800.0000
848.1995	1415.0000	2849.0000
847.2084	1385.0000	2766.0000
846.2173	1421.0000	2883.0000
845.2261	1480.0000	2930.0000
844.2350	1373.0000	2812.0000
843.2439	1503.0000	2930.0000
842.2527	1396.0000	2807.0000
841.2616	1445.0000	2827.0000
840.2704	1384.0000	2805.0000
839.2794	1405.0000	2880.0000
838.2882	1405.0000	2877.0000
837.2971	1438.0000	2891.0000
836.3060	1446.0000	2826.0000
835.3148	1424.0000	2855.0000
834.3237	1434.0000	2815.0000
833.3326	1430.0000	2852.0000
832.3414	1450.0000	2891.0000
831.3503	1386.0000	2840.0000
830.3592	1440.0000	2890.0000
829.3680	1457.0000	2922.0000
828.3769	1416.0000	2813.0000
827.3858	1401.0000	2829.0000
826.3947	1468.0000	2918.0000
825.4035	1386.0000	2825.0000
824.4124	1372.0000	2782.0000
823.4213	1454.0000	2867.0000
822.4301	1434.0000	2912.0000
821.4390	1350.0000	2771.0000
820.4479	1390.0000	2885.0000
819.4567	1383.0000	2765.0000
818.4656	1421.0000	2878.0000
817.4745	1419.0000	2879.0000
816.4833	1374.0000	2807.0000
815.4922	1343.0000	2796.0000
814.5011	1386.0000	2827.0000
813.5099	1420.0000	2786.0000
812.5188	1386.0000	2816.0000
811.5277	1426.0000	2839.0000
810.5366	1449.0000	2847.0000
809.5454	1423.0000	2888.0000
808.5543	1459.0000	2888.0000
807.5632	1410.0000	2811.0000
806.5720	1419.0000	2852.0000
805.5809	1407.0000	2871.0000
804.5898	1391.0000	2828.0000
803.5986	1452.0000	2897.0000
802.6075	1422.0000	2892.0000
801.6164	1384.0000	2776.0000
800.6252	1343.0000	2718.0000
799.6341	1401.0000	2858.0000
798.6430	1409.0000	2829.0000
797.6519	1438.0000	2788.0000
796.6607	1394.0000	2884.0000
795.6696	1351.0000	2772.0000
794.6785	1449.0000	2846.0000
793.6873	1421.0000	2881.0000
792.6962	1438.0000	2841.0000
791.7051	1404.0000	2771.0000
790.7139	1354.0000	2734.0000
789.7228	1362.0000	2790.0000
788.7317	1421.0000	2894.0000
787.7405	1448.0000	2896.0000
786.7494	1396.0000	2821.0000
785.7583	1376.0000	2749.0000
784.7672	1401.0000	2794.0000
783.7760	1417.0000	2833.0000
782.7849	1340.0000	2767.0000
781.7938	1450.0000	2846.0000
780.8026	1402.0000	2814.0000
779.8115	1489.0000	2952.0000
778.8204	1407.0000	2929.0000
777.8292	1430.0000	2892.0000
776.8381	1451.0000	2872.0000
775.8470	1476.0000	2965.0000
774.8558	1493.0000	2997.0000
773.8647	1478.0000	2995.0000
772.8736	1594.0000	3122.0000
771.8824	1469.0000	2934.0000
770.8913	1580.0000	3146.0000
769.9002	1584.0000	3082.0000
768.9091	1524.0000	3100.0000
767.9179	1510.0000	3020.0000
766.9268	1526.0000	3090.0000
765.9357	1466.0000	3008.0000
764.9445	1477.0000	2994.0000
763.9534	1509.0000	3020.0000
762.9623	1508.0000	2980.0000
761.9711	1428.0000	2852.0000
760.9800	1476.0000	2897.0000
759.9889	1452.0000	2913.0000
758.9977	1553.0000	2982.0000
758.0067	1474.0000	3009.0000
757.0155	1524.0000	2972.0000
756.0244	1409.0000	2882.0000
755.0332	1483.0000	2964.0000
754.0421	1456.0000	2944.0000
753.0510	1372.0000	2783.0000
752.0598	1576.0000	3066.0000
751.0687	1465.0000	2887.0000
750.0776	1457.0000	2851.0000
749.0864	1484.0000	2976.0000
748.0953	1475.0000	2906.0000
747.1042	1442.0000	2981.0000
746.1130	1484.0000	2975.0000
745.1219	1459.0000	2902.0000
744.1308	1397.0000	2812.0000
743.1396	1442.0000	2905.0000
742.1486	1435.0000	2854.0000
741.1574	1455.0000	2937.0000
740.1663	1469.0000	2923.0000
739.1751	1395.0000	2868.0000
738.1840	1500.0000	2881.0000
737.1929	1435.0000	2898.0000
736.2017	1429.0000	2897.0000
735.2106	1460.0000	2829.0000
734.2195	1414.0000	2839.0000
733.2283	1429.0000	2858.0000
732.2372	1411.0000	2836.0000
731.2461	1409.0000	2851.0000
730.2549	1371.0000	2756.0000
729.2639	1442.0000	2926.0000
728.2727	1431.0000	2846.0000
727.2816	1421.0000	2847.0000
726.2905	1460.0000	2886.0000
725.2993	1466.0000	2862.0000
724.3082	1448.0000	2877.0000
723.3170	1474.0000	2900.0000
722.3259	1443.0000	2905.0000
721.3348	1461.0000	2870.0000
720.3436	1385.0000	2794.0000
719.3525	1409.0000	2849.0000
718.3614	1438.0000	2863.0000
717.3702	1424.0000	2834.0000
716.3792	1375.0000	2825.0000
715.3880	1442.0000	2868.0000
714.3969	1342.0000	2765.0000
713.4058	1449.0000	2867.0000
712.4146	1379.0000	2780.0000
711.4235	1395.0000	2856.0000
710.4324	1447.0000	2870.0000
709.4412	1374.0000	2775.0000
708.4501	1406.0000	2848.0000
707.4589	1392.0000	2823.0000
706.4678	1370.0000	2782.0000
705.4767	1392.0000	2802.0000
704.4855	1441.0000	2893.0000
703.4944	1394.0000	2803.0000
702.5033	1368.0000	2803.0000
701.5121	1481.0000	2875.0000
700.5211	1449.0000	2932.0000
699.5299	1477.0000	2848.0000
698.5388	1441.0000	2871.0000
697.5477	1490.0000	2930.0000
696.5565	1429.0000	2871.0000
695.5654	1514.0000	2967.0000
694.5743	1438.0000	2805.0000
693.5831	1403.0000	2788.0000
692.5920	1386.0000	2770.0000
691.6009	1474.0000	2914.0000
690.6097	1474.0000	2888.0000
689.6186	1402.0000	2820.0000
688.6274	1418.0000	2816.0000
687.6364	1423.0000	2856.0000
686.6452	1482.0000	2931.0000
685.6541	1422.0000	2833.0000
684.6630	1349.0000	2790.0000
683.6718	1374.0000	2785.0000
682.6807	1490.0000	2928.0000
681.6896	1364.0000	2781.0000
680.6984	1433.0000	2737.0000
679.7073	1422.0000	2843.0000
678.7162	1421.0000	2840.0000
677.7250	1448.0000	2849.0000
676.7339	1432.0000	2795.0000
675.7428	1412.0000	2781.0000
674.7516	1432.0000	2814.0000
673.7605	1407.0000	2768.0000
672.7693	1439.0000	2821.0000
671.7783	1436.0000	2793.0000
670.7871	1407.0000	2799.0000
669.7960	1357.0000	2806.0000
668.8049	1498.0000	2930.0000
667.8137	1353.0000	2768.0000
666.8226	1419.0000	2847.0000
665.8315	1402.0000	2858.0000
664.8403	1454.0000	2816.0000
663.8492	1369.0000	2752.0000
662.8581	1387.0000	2803.0000
661.8669	1406.0000	2834.0000
660.8758	1455.0000	2875.0000
659.8847	1453.0000	2858.0000
658.8936	1364.0000	2766.0000
657.9024	1428.0000	2872.0000
656.9113	1434.0000	2877.0000
655.9202	1448.0000	2785.0000
654.9290	1448.0000	2879.0000
653.9379	1469.0000	2939.0000
652.9468	1463.0000	2816.0000
651.9556	1441.0000	2902.0000
650.9645	1443.0000	2939.0000
649.9734	1399.0000	2795.0000
648.9822	1402.0000	2845.0000
647.9911	1428.0000	2903.0000
647.0000	1441.0000	2878.0000
646.0089	1419.0000	2859.0000
645.0177	1397.0000	2735.0000
644.0266	1344.0000	2778.0000
643.0355	1393.0000	2772.0000
642.0443	1444.0000	2857.0000
641.0532	1381.0000	2882.0000
640.0621	1377.0000	2757.0000
639.0709	1389.0000	2833.0000
638.0798	1387.0000	2833.0000
637.0887	1400.0000	2800.0000
636.0975	1420.0000	2890.0000
635.1064	1333.0000	2714.0000
634.1153	1462.0000	2918.0000
633.1241	1435.0000	2843.0000
632.1330	1428.0000	2858.0000
631.1419	1387.0000	2771.0000
630.1508	1389.0000	2760.0000
629.1596	1460.0000	2873.0000
628.1685	1448.0000	2856.0000
627.1774	1427.0000	2899.0000
626.1862	1470.0000	2878.0000
625.1951	1368.0000	2804.0000
624.2040	1328.0000	2754.0000
623.2128	1481.0000	2947.0000
622.2217	1437.0000	2909.0000
621.2306	1392.0000	2802.0000
620.2394	1416.0000	2900.0000
619.2483	1409.0000	2808.0000
618.2572	1404.0000	2891.0000
617.2661	1441.0000	2784.0000
616.2749	1405.0000	2932.0000
615.2838	1487.0000	2912.0000
614.2927	1483.0000	2838.0000
613.3015	1398.0000	2797.0000
612.3104	1444.0000	2867.0000
611.3193	1430.0000	2870.0000
610.3281	1380.0000	2807.0000
609.3370	1398.0000	2765.0000
608.3459	1408.0000	2843.0000
607.3547	1411.0000	2756.0000
606.3636	1378.0000	2826.0000
605.3725	1359.0000	2758.0000
604.3813	1404.0000	2818.0000
603.3902	1401.0000	2829.0000
602.3991	1398.0000	2829.0000
601.4080	1353.0000	2800.0000
600.4168	1423.0000	2831.0000
599.4257	1353.0000	2805.0000
598.4346	1447.0000	2871.0000
597.4434	1447.0000	2898.0000
596.4523	1359.0000	2795.0000
595.4612	1396.0000	2737.0000
594.4700	1374.0000	2800.0000
593.4789	1476.0000	2862.0000
592.4878	1395.0000	2901.0000
591.4966	1361.0000	2779.0000
590.5055	1416.0000	2829.0000
589.5144	1441.0000	2837.0000
588.5233	1348.0000	2713.0000
587.5321	1412.0000	2798.0000
586.5410	1427.0000	2865.0000
585.5499	1403.0000	2799.0000
584.5587	1440.0000	2882.0000
583.5676	1374.0000	2735.0000
582.5765	1453.0000	2887.0000
581.5853	1432.0000	2829.0000
580.5942	1415.0000	2797.0000
579.6031	1379.0000	2782.0000
578.6119	1391.0000	2862.0000
577.6208	1444.0000	2886.0000
576.6297	1412.0000	2845.0000
575.6385	1425.0000	2874.0000
574.6475	1373.0000	2803.0000
573.6563	1388.0000	2803.0000
572.6652	1433.0000	2883.0000
571.6740	1463.0000	2833.0000
570.6829	1413.0000	2839.0000
569.6918	1393.0000	2803.0000
568.7006	1380.0000	2870.0000
567.7095	1433.0000	2903.0000
566.7184	1476.0000	2941.0000
565.7272	1403.0000	2851.0000
564.7361	1425.0000	2794.0000
563.7450	1397.0000	2836.0000
562.7538	1430.0000	2814.0000
561.7628	1413.0000	2873.0000
560.7716	1484.0000	2884.0000
559.7805	1436.0000	2898.0000
558.7894	1404.0000	2886.0000
557.7982	1421.0000	2877.0000
556.8071	1389.0000	2862.0000
555.8159	1437.0000	2833.0000
554.8248	1451.0000	2873.0000
553.8337	1418.0000	2903.0000
552.8425	1361.0000	2797.0000
551.8514	1403.0000	2810.0000
550.8603	1408.0000	2806.0000
549.8691	1444.0000	2791.0000
548.8781	1414.0000	2845.0000
547.8869	1386.0000	2841.0000
546.8958	1441.0000	2877.0000
545.9047	1353.0000	2801.0000
544.9135	1419.0000	2807.0000
543.9224	1418.0000	2811.0000
542.9313	1349.0000	2825.0000
541.9401	1471.0000	2898.0000
540.9490	1426.0000	2908.0000
539.9578	1425.0000	2874.0000
538.9667	1412.0000	2853.0000
537.9756	1423.0000	2856.0000
536.9844	1445.0000	2900.0000
535.9933	1422.0000	2972.0000
535.0022	1459.0000	2936.0000
534.0110	1384.0000	2816.0000
533.0200	1395.0000	2889.0000
532.0288	1479.0000	2963.0000
531.0377	1469.0000	2959.0000
530.0466	1375.0000	2795.0000
529.0554	1454.0000	2870.0000
528.0643	1443.0000	2859.0000
527.0732	1447.0000	2931.0000
526.0820	1454.0000	2928.0000
525.0909	1465.0000	2991.0000
524.0997	1499.0000	3030.0000
523.1086	1475.0000	2947.0000
522.1175	1494.0000	2969.0000
521.1263	1427.0000	2882.0000
520.1353	1531.0000	3014.0000
519.1441	1542.0000	3053.0000
518.1530	1496.0000	2937.0000
517.1619	1606.0000	3207.0000
516.1707	1606.0000	3201.0000
515.1796	1579.0000	3145.0000
514.1885	1565.0000	3171.0000
513.1973	1601.0000	3221.0000
512.2062	1542.0000	3100.0000
511.2151	1513.0000	3002.0000
510.2239	1593.0000	3158.0000
509.2328	1523.0000	3116.0000
508.2417	1531.0000	3076.0000
507.2505	1533.0000	3101.0000
506.2594	1518.0000	3083.0000
505.2683	1481.0000	2946.0000
504.2772	1490.0000	3015.0000
503.2860	1579.0000	3038.0000
502.2949	1565.0000	3046.0000
501.3037	1512.0000	3060.0000
500.3126	1558.0000	3098.0000
499.3215	1523.0000	3069.0000
498.3304	1543.0000	3158.0000
497.3392	1525.0000	2965.0000
496.3481	1583.0000	3091.0000
495.3570	1523.0000	3108.0000
494.3658	1569.0000	3050.0000
493.3747	1541.0000	3157.0000
492.3836	1510.0000	3082.0000
491.3925	1522.0000	3000.0000
490.4013	1584.0000	3136.0000
489.4102	1510.0000	3100.0000
488.4191	1534.0000	3131.0000
487.4279	1540.0000	2995.0000
486.4368	1490.0000	3049.0000
485.4456	1551.0000	3071.0000
484.4545	1583.0000	3100.0000
483.4634	1519.0000	3079.0000
482.4723	1572.0000	3027.0000
481.4811	1582.0000	3164.0000
480.4900	1567.0000	3124.0000
479.4989	1532.0000	3131.0000
478.5078	1590.0000	3160.0000
477.5166	1532.0000	3037.0000
476.5255	1525.0000	3103.0000
475.5344	1574.0000	3070.0000
474.5432	1481.0000	3028.0000
473.5521	1561.0000	3101.0000
472.5610	1548.0000	3031.0000
471.5698	1672.0000	3304.0000
470.5787	1620.0000	3253.0000
469.5876	1734.0000	3458.0000
468.5964	1575.0000	3145.0000
467.6053	1570.0000	3100.0000
466.6142	1532.0000	3057.0000
465.6230	1547.0000	3121.0000
464.6319	1594.0000	3142.0000
463.6408	1616.0000	3110.0000
462.6497	1550.0000	3090.0000
461.6585	1568.0000	3073.0000
460.6674	1636.0000	3251.0000
459.6763	1491.0000	3037.0000
458.6851	1549.0000	3077.0000
457.6940	1615.0000	3218.0000
456.7029	1607.0000	3190.0000
455.7117	1607.0000	3132.0000
454.7206	1534.0000	3129.0000
453.7295	1540.0000	3152.0000
452.7383	1587.0000	3180.0000
451.7472	1586.0000	3121.0000
450.7561	1592.0000	3156.0000
449.7650	1542.0000	3132.0000
448.7738	1581.0000	3169.0000
447.7827	1653.0000	3333.0000
446.7916	1706.0000	3340.0000
445.8004	1616.0000	3246.0000
444.8093	1614.0000	3180.0000
443.8182	1582.0000	3142.0000
442.8270	1615.0000	3289.0000
441.8359	1589.0000	3183.0000
440.8448	1603.0000	3185.0000
439.8536	1646.0000	3248.0000
438.8625	1603.0000	3232.0000
437.8714	1538.0000	3115.0000
436.8802	1582.0000	3199.0000
435.8891	1585.0000	3185.0000
434.8980	1661.0000	3224.0000
433.9069	1591.0000	3234.0000
432.9157	1603.0000	3231.0000
431.9246	1602.0000	3236.0000
430.9335	1648.0000	3253.0000
429.9424	1632.0000	3234.0000
428.9512	1620.0000	3213.0000
427.9601	1624.0000	3300.0000
426.9689	1565.0000	3158.0000
425.9778	1553.0000	3219.0000
424.9867	1524.0000	3151.0000
423.9955	1680.0000	3297.0000
423.0044	1635.0000	3342.0000
422.0133	1552.0000	3266.0000
421.0222	1625.0000	3284.0000
420.0310	1631.0000	3341.0000
419.0399	1664.0000	3370.0000
418.0488	1674.0000	3335.0000
417.0576	1640.0000	3321.0000
416.0665	1679.0000	3303.0000
415.0754	1633.0000	3336.0000
414.0843	1727.0000	3306.0000
413.0931	1690.0000	3365.0000
412.1020	1656.0000	3378.0000
411.1108	1798.0000	3540.0000
410.1197	1711.0000	3432.0000
409.1286	1771.0000	3595.0000
408.1375	1853.0000	3625.0000
407.1463	1813.0000	3632.0000
406.1552	1727.0000	3445.0000
405.1641	1719.0000	3437.0000
404.1729	1679.0000	3429.0000
403.1818	1692.0000	3333.0000
402.1907	1714.0000	3421.0000
401.1996	1736.0000	3446.0000
400.2084	1735.0000	3504.0000
399.2173	1632.0000	3377.0000
398.2262	1674.0000	3422.0000
397.2350	1713.0000	3479.0000
396.2439	1734.0000	3390.0000
395.2527	1697.0000	3406.0000
394.2616	1777.0000	3385.0000
393.2705	1694.0000	3408.0000
392.2794	1732.0000	3513.0000
391.2882	1734.0000	3442.0000
390.2971	1716.0000	3493.0000
389.3060	1742.0000	3447.0000
388.3148	1743.0000	3468.0000
387.3237	1750.0000	3428.0000
386.3326	1757.0000	3469.0000
385.3415	1759.0000	3552.0000
384.3503	1819.0000	3617.0000
383.3592	1777.0000	3566.0000
382.3681	1821.0000	3604.0000
381.3769	1898.0000	3746.0000
380.3858	1832.0000	3648.0000
379.3947	1942.0000	3761.0000
378.4035	1823.0000	3659.0000
377.4124	1832.0000	3591.0000
376.4213	1748.0000	3504.0000
375.4301	1720.0000	3526.0000
374.4390	1750.0000	3489.0000
373.4479	1771.0000	3613.0000
372.4568	1795.0000	3628.0000
371.4656	1905.0000	3732.0000
370.4745	1861.0000	3720.0000
369.4834	2102.0000	4012.0000
368.4922	1989.0000	3945.0000
367.5011	2009.0000	4019.0000
366.5100	2015.0000	4046.0000
365.5188	2275.0000	4548.0000
364.5277	2673.0000	5337.0000
363.5366	2546.0000	5163.0000
362.5454	2390.0000	4833.0000
361.5543	2398.0000	4860.0000
360.5632	2576.0000	5065.0000
359.5721	2785.0000	5639.0000
358.5809	3084.0000	6007.0000
357.5898	2765.0000	5508.0000
356.5987	2541.0000	5044.0000
355.6075	2553.0000	5128.0000
354.6164	2482.0000	4974.0000
353.6253	2377.0000	4835.0000
352.6341	2326.0000	4705.0000
351.6430	2573.0000	4924.0000
350.6519	2316.0000	4702.0000
349.6607	2344.0000	4757.0000
348.6696	2344.0000	4699.0000
347.6785	2302.0000	4671.0000
346.6873	2345.0000	4753.0000
345.6962	2487.0000	4891.0000
344.7051	2384.0000	4803.0000
343.7140	2463.0000	4913.0000
342.7228	2460.0000	4878.0000
341.7317	2326.0000	4754.0000
340.7406	2372.0000	4849.0000
339.7495	2489.0000	4986.0000
338.7583	2451.0000	4895.0000
337.7672	2550.0000	4984.0000
336.7760	2432.0000	4977.0000
335.7849	2685.0000	5167.0000
334.7938	2494.0000	4986.0000
333.8026	2463.0000	4983.0000
332.8115	2441.0000	4915.0000
331.8204	2492.0000	4903.0000
330.8293	2426.0000	4901.0000
329.8381	2479.0000	4969.0000
328.8470	2435.0000	4928.0000
327.8559	2453.0000	4904.0000
326.8647	2475.0000	4974.0000
325.8736	2461.0000	4965.0000
324.8825	2507.0000	4975.0000
323.8914	2548.0000	5023.0000
322.9002	2506.0000	4995.0000
321.9091	2414.0000	4948.0000
320.9180	2465.0000	4960.0000
319.9268	2590.0000	5155.0000
318.9357	2536.0000	5097.0000
317.9445	2590.0000	5174.0000
316.9534	2496.0000	5041.0000
315.9623	2666.0000	5286.0000
314.9712	2604.0000	5203.0000
313.9800	2639.0000	5315.0000
312.9889	2740.0000	5465.0000
311.9978	2658.0000	5366.0000
311.0067	2743.0000	5403.0000
310.0155	2751.0000	5538.0000
309.0244	2896.0000	5688.0000
308.0333	2901.0000	5709.0000
307.0421	2825.0000	5702.0000
306.0510	2791.0000	5627.0000
305.0599	2796.0000	5703.0000
304.0687	2914.0000	5720.0000
303.0776	2880.0000	5762.0000
302.0865	2910.0000	5782.0000
301.0953	2913.0000	5833.0000
300.1042	2928.0000	5834.0000
299.1131	2939.0000	5874.0000
298.1219	2996.0000	5895.0000
297.1308	2888.0000	5886.0000
296.1397	2925.0000	5924.0000
295.1486	3005.0000	5944.0000
294.1574	2938.0000	5841.0000
293.1663	2996.0000	6010.0000
292.1752	2883.0000	5756.0000
291.1840	2869.0000	5854.0000
290.1929	2999.0000	6019.0000
289.2018	2858.0000	5859.0000
288.2106	2871.0000	5812.0000
287.2195	2984.0000	5970.0000
286.2284	2927.0000	5947.0000
285.2372	3007.0000	5999.0000
284.2461	3025.0000	5989.0000
283.2550	3308.0000	6292.0000
282.2639	3027.0000	6061.0000
281.2727	3032.0000	6003.0000
280.2816	3068.0000	6119.0000
279.2905	3076.0000	6059.0000
278.2993	2998.0000	6129.0000
277.3082	3006.0000	6053.0000
276.3171	3106.0000	6229.0000
275.3259	3325.0000	6507.0000
274.3348	3203.0000	6345.0000
273.3437	3215.0000	6410.0000
272.3525	3252.0000	6543.0000
271.3614	3315.0000	6586.0000
270.3703	3276.0000	6567.0000
269.3792	3380.0000	6620.0000
268.3880	3299.0000	6555.0000
267.3969	3300.0000	6575.0000
266.4058	3294.0000	6569.0000
265.4146	3254.0000	6536.0000
264.4235	3284.0000	6469.0000
263.4324	3230.0000	6561.0000
262.4413	3199.0000	6479.0000
261.4501	3283.0000	6518.0000
260.4590	3268.0000	6516.0000
259.4678	3231.0000	6494.0000
258.4767	3202.0000	6406.0000
257.4856	3336.0000	6676.0000
256.4944	3211.0000	6458.0000
255.5033	3315.0000	6581.0000
254.5122	3269.0000	6605.0000
253.5211	3296.0000	6619.0000
252.5299	3328.0000	6610.0000
251.5388	3206.0000	6458.0000
250.5477	3300.0000	6601.0000
249.5565	3358.0000	6667.0000
248.5654	3314.0000	6634.0000
247.5743	3341.0000	6672.0000
246.5831	3334.0000	6626.0000
245.5920	3273.0000	6638.0000
244.6009	3369.0000	6772.0000
243.6098	3327.0000	6675.0000
242.6186	3314.0000	6721.0000
241.6275	3368.0000	6722.0000
240.6364	3360.0000	6691.0000
239.6452	3369.0000	6735.0000
238.6541	3386.0000	6674.0000
237.6630	3353.0000	6754.0000
236.6718	3426.0000	6780.0000
235.6807	3370.0000	6785.0000
234.6896	3406.0000	6805.0000
233.6984	3368.0000	6726.0000
232.7073	3430.0000	6888.0000
231.7162	3393.0000	6793.0000
230.7251	3405.0000	6779.0000
229.7339	3357.0000	6710.0000
228.7428	3420.0000	6827.0000
227.7517	3395.0000	6750.0000
226.7605	3478.0000	6937.0000
225.7694	3360.0000	6819.0000
224.7783	3437.0000	6881.0000
223.7871	3393.0000	6896.0000
222.7960	3450.0000	6911.0000
221.8049	3405.0000	6887.0000
220.8138	3465.0000	6953.0000
219.8226	3465.0000	7019.0000
218.8315	3484.0000	6887.0000
217.8403	3507.0000	6908.0000
216.8492	3486.0000	6956.0000
215.8581	3460.0000	6962.0000
214.8670	3542.0000	7028.0000
213.8758	3511.0000	7050.0000
212.8847	3529.0000	6981.0000
211.8936	3573.0000	7123.0000
210.9024	3511.0000	7107.0000
209.9113	3465.0000	7029.0000
208.9202	3524.0000	6997.0000
207.9290	3490.0000	7010.0000
206.9379	3548.0000	7091.0000
205.9468	3577.0000	7146.0000
204.9557	3592.0000	7164.0000
203.9645	3538.0000	7083.0000
202.9734	3594.0000	7164.0000
201.9823	3606.0000	7130.0000
200.9911	3582.0000	7133.0000
