1488.4700	85.0000	170.0000
1487.9745	7.0000	12.0000
1487.4789	1.0000	3.0000
1486.9833	4.0000	9.0000
1486.4878	2.0000	9.0000
1485.9922	3.0000	7.0000
1485.4966	0.0000	3.0000
1485.0011	2.0000	8.0000
1484.5055	5.0000	16.0000
1484.0099	3.0000	8.0000
1483.5144	5.0000	12.0000
1483.0188	2.0000	11.0000
1482.5232	5.0000	9.0000
1482.0277	1.0000	5.0000
1481.5321	0.0000	10.0000
1481.0365	3.0000	9.0000
1480.5409	5.0000	12.0000
1480.0454	0.0000	13.0000
1479.5498	7.0000	17.0000
1479.0542	1.0000	7.0000
1478.5587	4.0000	14.0000
1478.0631	3.0000	14.0000
1477.5675	9.0000	24.0000
1477.0720	6.0000	20.0000
1476.5764	3.0000	16.0000
1476.0808	8.0000	18.0000
1475.5853	9.0000	28.0000
1475.0897	3.0000	12.0000
1474.5941	5.0000	13.0000
1474.0986	4.0000	12.0000
1473.6030	7.0000	14.0000
1473.1074	1.0000	6.0000
1472.6119	6.0000	19.0000
1472.1163	4.0000	17.0000
1471.6207	2.0000	21.0000
1471.1252	3.0000	6.0000
1470.6296	3.0000	8.0000
1470.1340	6.0000	13.0000
1469.6385	2.0000	10.0000
1469.1429	1.0000	10.0000
1468.6473	5.0000	16.0000
1468.1519	2.0000	8.0000
1467.6562	3.0000	8.0000
1467.1606	1.0000	6.0000
1466.6652	6.0000	12.0000
1466.1696	3.0000	11.0000
1465.6740	8.0000	20.0000
1465.1785	6.0000	15.0000
1464.6829	3.0000	11.0000
1464.1873	3.0000	11.0000
1463.6918	8.0000	20.0000
1463.1962	9.0000	15.0000
1462.7006	6.0000	12.0000
1462.2051	2.0000	15.0000
1461.7095	5.0000	14.0000
1461.2139	5.0000	12.0000
1460.7184	3.0000	16.0000
1460.2228	3.0000	15.0000
1459.7272	3.0000	13.0000
1459.2317	6.0000	17.0000
1458.7361	6.0000	18.0000
1458.2405	8.0000	22.0000
1457.7450	6.0000	19.0000
1457.2494	5.0000	22.0000
1456.7538	9.0000	18.0000
1456.2583	5.0000	14.0000
1455.7627	1.0000	9.0000
1455.2671	6.0000	11.0000
1454.7716	4.0000	18.0000
1454.2760	8.0000	28.0000
1453.7804	4.0000	12.0000
1453.2849	6.0000	18.0000
1452.7893	3.0000	14.0000
1452.2937	6.0000	18.0000
1451.7982	8.0000	16.0000
1451.3026	1.0000	19.0000
1450.8070	5.0000	15.0000
1450.3115	4.0000	12.0000
1449.8159	1.0000	14.0000
1449.3203	2.0000	12.0000
1448.8248	4.0000	14.0000
1448.3292	7.0000	20.0000
1447.8336	6.0000	8.0000
1447.3380	4.0000	12.0000
1446.8425	10.0000	17.0000
1446.3469	10.0000	21.0000
1445.8513	4.0000	22.0000
1445.3558	3.0000	13.0000
1444.8602	6.0000	19.0000
1444.3646	8.0000	17.0000
1443.8691	3.0000	14.0000
1443.3735	7.0000	19.0000
1442.8779	1.0000	9.0000
1442.3824	4.0000	12.0000
1441.8868	3.0000	14.0000
1441.3912	3.0000	15.0000
1440.8958	5.0000	11.0000
1440.4001	4.0000	13.0000
1439.9045	6.0000	20.0000
1439.4091	2.0000	15.0000
1438.9135	3.0000	14.0000
1438.4178	9.0000	22.0000
1437.9224	2.0000	8.0000
1437.4268	7.0000	19.0000
1436.9312	9.0000	22.0000
1436.4357	6.0000	20.0000
1435.9401	2.0000	14.0000
1435.4445	9.0000	25.0000
1434.9490	2.0000	8.0000
1434.4534	2.0000	15.0000
1433.9578	4.0000	17.0000
1433.4623	1.0000	11.0000
1432.9667	8.0000	19.0000
1432.4711	7.0000	17.0000
1431.9756	6.0000	23.0000
1431.4800	9.0000	21.0000
1430.9844	5.0000	11.0000
1430.4889	8.0000	26.0000
1429.9933	6.0000	24.0000
1429.4977	4.0000	14.0000
1429.0022	7.0000	16.0000
1428.5066	8.0000	25.0000
1428.0110	7.0000	26.0000
1427.5155	3.0000	14.0000
1427.0199	4.0000	18.0000
1426.5243	4.0000	10.0000
1426.0288	7.0000	27.0000
1425.5332	3.0000	8.0000
1425.0376	5.0000	22.0000
1424.5421	11.0000	24.0000
1424.0465	13.0000	27.0000
1423.5509	1.0000	12.0000
1423.0554	15.0000	29.0000
1422.5598	5.0000	15.0000
1422.0642	5.0000	19.0000
1421.5687	6.0000	19.0000
1421.0731	8.0000	19.0000
1420.5775	6.0000	12.0000
1420.0820	8.0000	21.0000
1419.5864	6.0000	19.0000
1419.0908	6.0000	16.0000
1418.5953	5.0000	15.0000
1418.0997	10.0000	19.0000
1417.6041	10.0000	20.0000
1417.1086	4.0000	12.0000
1416.6130	4.0000	17.0000
1416.1174	7.0000	21.0000
1415.6219	6.0000	14.0000
1415.1263	6.0000	13.0000
1414.6307	5.0000	16.0000
1414.1351	7.0000	17.0000
1413.6396	4.0000	15.0000
1413.1440	11.0000	25.0000
1412.6484	7.0000	18.0000
1412.1530	5.0000	24.0000
1411.6573	4.0000	21.0000
1411.1617	9.0000	22.0000
1410.6663	7.0000	19.0000
1410.1707	8.0000	33.0000
1409.6750	6.0000	23.0000
1409.1796	5.0000	22.0000
1408.6840	5.0000	25.0000
1408.1884	12.0000	29.0000
1407.6929	20.0000	33.0000
1407.1973	9.0000	30.0000
1406.7017	12.0000	31.0000
1406.2062	11.0000	25.0000
1405.7106	8.0000	25.0000
1405.2150	8.0000	26.0000
1404.7195	4.0000	19.0000
1404.2239	4.0000	20.0000
1403.7283	5.0000	20.0000
1403.2328	3.0000	18.0000
1402.7372	14.0000	33.0000
1402.2416	14.0000	30.0000
1401.7461	13.0000	27.0000
1401.2505	11.0000	27.0000
1400.7549	3.0000	24.0000
1400.2594	6.0000	25.0000
1399.7638	7.0000	29.0000
1399.2682	7.0000	24.0000
1398.7727	6.0000	16.0000
1398.2771	3.0000	12.0000
1397.7815	9.0000	23.0000
1397.2860	3.0000	16.0000
1396.7904	3.0000	22.0000
1396.2948	9.0000	22.0000
1395.7993	10.0000	30.0000
1395.3037	6.0000	38.0000
1394.8081	11.0000	28.0000
1394.3126	7.0000	27.0000
1393.8170	7.0000	23.0000
1393.3214	11.0000	27.0000
1392.8259	10.0000	27.0000
1392.3303	10.0000	28.0000
1391.8347	7.0000	31.0000
1391.3392	11.0000	21.0000
1390.8436	8.0000	30.0000
1390.3480	7.0000	23.0000
1389.8525	10.0000	23.0000
1389.3569	10.0000	27.0000
1388.8613	11.0000	28.0000
1388.3658	7.0000	22.0000
1387.8702	15.0000	37.0000
1387.3746	13.0000	35.0000
1386.8792	6.0000	31.0000
1386.3835	8.0000	28.0000
1385.8879	5.0000	22.0000
1385.3925	10.0000	29.0000
1384.8969	10.0000	21.0000
1384.4012	9.0000	25.0000
1383.9058	10.0000	29.0000
1383.4102	11.0000	36.0000
1382.9146	7.0000	26.0000
1382.4191	7.0000	28.0000
1381.9235	15.0000	46.0000
1381.4279	15.0000	38.0000
1380.9323	10.0000	33.0000
1380.4368	7.0000	33.0000
1379.9412	10.0000	43.0000
1379.4456	11.0000	29.0000
1378.9501	4.0000	22.0000
1378.4545	12.0000	35.0000
1377.9589	8.0000	27.0000
1377.4634	12.0000	30.0000
1376.9678	13.0000	29.0000
1376.4722	9.0000	27.0000
1375.9767	10.0000	37.0000
1375.4811	12.0000	28.0000
1374.9855	7.0000	25.0000
1374.4900	11.0000	23.0000
1373.9944	8.0000	27.0000
1373.4988	5.0000	33.0000
1373.0033	11.0000	28.0000
1372.5077	10.0000	25.0000
1372.0121	11.0000	42.0000
1371.5166	12.0000	34.0000
1371.0210	10.0000	31.0000
1370.5254	9.0000	24.0000
1370.0299	8.0000	31.0000
1369.5343	11.0000	32.0000
1369.0387	8.0000	29.0000
1368.5432	15.0000	34.0000
1368.0476	6.0000	29.0000
1367.5520	6.0000	22.0000
1367.0565	9.0000	24.0000
1366.5609	8.0000	27.0000
1366.0653	6.0000	26.0000
1365.5698	8.0000	34.0000
1365.0742	7.0000	25.0000
1364.5786	10.0000	28.0000
1364.0831	9.0000	26.0000
1363.5875	11.0000	18.0000
1363.0919	16.0000	42.0000
1362.5964	9.0000	26.0000
1362.1008	11.0000	39.0000
1361.6052	12.0000	36.0000
1361.1097	16.0000	41.0000
1360.6141	11.0000	38.0000
1360.1185	20.0000	51.0000
1359.6230	7.0000	30.0000
1359.1274	10.0000	40.0000
1358.6318	14.0000	35.0000
1358.1364	10.0000	25.0000
1357.6407	11.0000	37.0000
1357.1451	9.0000	40.0000
1356.6497	7.0000	27.0000
1356.1541	14.0000	50.0000
1355.6584	14.0000	49.0000
1355.1630	11.0000	44.0000
1354.6674	17.0000	49.0000
1354.1718	16.0000	53.0000
1353.6763	21.0000	52.0000
1353.1807	21.0000	63.0000
1352.6851	17.0000	47.0000
1352.1896	22.0000	61.0000
1351.6940	20.0000	65.0000
1351.1984	14.0000	60.0000
1350.7029	23.0000	74.0000
1350.2073	22.0000	62.0000
1349.7117	20.0000	61.0000
1349.2162	19.0000	67.0000
1348.7206	16.0000	56.0000
1348.2250	25.0000	56.0000
1347.7294	25.0000	70.0000
1347.2339	17.0000	65.0000
1346.7383	17.0000	59.0000
1346.2427	20.0000	59.0000
1345.7472	15.0000	58.0000
1345.2516	16.0000	55.0000
1344.7560	18.0000	49.0000
1344.2605	31.0000	61.0000
1343.7649	18.0000	58.0000
1343.2693	16.0000	55.0000
1342.7738	25.0000	62.0000
1342.2782	18.0000	56.0000
1341.7826	17.0000	51.0000
1341.2871	20.0000	51.0000
1340.7915	16.0000	46.0000
1340.2959	15.0000	44.0000
1339.8004	17.0000	58.0000
1339.3048	11.0000	40.0000
1338.8092	17.0000	55.0000
1338.3137	23.0000	60.0000
1337.8181	23.0000	53.0000
1337.3225	16.0000	60.0000
1336.8270	14.0000	48.0000
1336.3314	26.0000	58.0000
1335.8358	19.0000	62.0000
1335.3403	23.0000	62.0000
1334.8447	27.0000	61.0000
1334.3491	20.0000	56.0000
1333.8536	13.0000	46.0000
1333.3580	16.0000	52.0000
1332.8624	17.0000	54.0000
1332.3669	25.0000	70.0000
1331.8713	12.0000	49.0000
1331.3757	17.0000	50.0000
1330.8802	23.0000	60.0000
1330.3846	19.0000	69.0000
1329.8890	19.0000	64.0000
1329.3936	20.0000	60.0000
1328.8979	26.0000	70.0000
1328.4023	22.0000	67.0000
1327.9069	22.0000	63.0000
1327.4113	21.0000	64.0000
1326.9156	24.0000	56.0000
1326.4202	27.0000	65.0000
1325.9246	24.0000	66.0000
1325.4290	18.0000	62.0000
1324.9335	22.0000	68.0000
1324.4379	24.0000	72.0000
1323.9423	21.0000	66.0000
1323.4468	27.0000	67.0000
1322.9512	22.0000	73.0000
1322.4556	26.0000	68.0000
1321.9601	34.0000	86.0000
1321.4645	31.0000	84.0000
1320.9689	18.0000	63.0000
1320.4734	19.0000	73.0000
1319.9778	24.0000	71.0000
1319.4822	15.0000	53.0000
1318.9867	22.0000	66.0000
1318.4911	24.0000	78.0000
1317.9955	25.0000	73.0000
1317.5000	18.0000	72.0000
1317.0044	25.0000	70.0000
1316.5088	19.0000	72.0000
1316.0133	17.0000	69.0000
1315.5177	21.0000	62.0000
1315.0221	20.0000	69.0000
1314.5265	21.0000	67.0000
1314.0310	27.0000	78.0000
1313.5354	24.0000	70.0000
1313.0398	26.0000	64.0000
1312.5443	25.0000	65.0000
1312.0487	17.0000	74.0000
1311.5531	20.0000	70.0000
1311.0576	23.0000	67.0000
1310.5620	25.0000	64.0000
1310.0664	22.0000	72.0000
1309.5709	30.0000	81.0000
1309.0753	32.0000	66.0000
1308.5797	28.0000	91.0000
1308.0842	16.0000	89.0000
1307.5886	22.0000	77.0000
1307.0930	26.0000	94.0000
1306.5975	35.0000	84.0000
1306.1019	38.0000	87.0000
1305.6063	22.0000	74.0000
1305.1108	33.0000	94.0000
1304.6152	28.0000	94.0000
1304.1196	26.0000	82.0000
1303.6241	28.0000	92.0000
1303.1285	29.0000	92.0000
1302.6329	31.0000	99.0000
1302.1375	28.0000	97.0000
1301.6418	24.0000	83.0000
1301.1462	36.0000	111.0000
1300.6508	39.0000	92.0000
1300.1552	21.0000	91.0000
1299.6595	28.0000	82.0000
1299.1641	38.0000	94.0000
1298.6685	42.0000	99.0000
1298.1729	28.0000	85.0000
1297.6774	33.0000	89.0000
1297.1818	23.0000	82.0000
1296.6862	36.0000	101.0000
1296.1907	34.0000	98.0000
1295.6951	24.0000	85.0000
1295.1995	32.0000	93.0000
1294.7040	36.0000	101.0000
1294.2084	35.0000	119.0000
1293.7128	40.0000	127.0000
1293.2173	19.0000	88.0000
1292.7217	32.0000	91.0000
1292.2261	33.0000	96.0000
1291.7306	32.0000	89.0000
1291.2350	30.0000	97.0000
1290.7394	24.0000	100.0000
1290.2439	31.0000	101.0000
1289.7483	40.0000	113.0000
1289.2527	44.0000	132.0000
1288.7572	40.0000	107.0000
1288.2616	48.0000	131.0000
1287.7660	35.0000	100.0000
1287.2705	36.0000	120.0000
1286.7749	46.0000	108.0000
1286.2793	40.0000	112.0000
1285.7838	48.0000	142.0000
1285.2882	36.0000	128.0000
1284.7926	42.0000	122.0000
1284.2971	44.0000	120.0000
1283.8015	41.0000	135.0000
1283.3059	53.0000	139.0000
1282.8104	58.0000	136.0000
1282.3148	40.0000	133.0000
1281.8192	39.0000	111.0000
1281.3236	54.0000	132.0000
1280.8281	37.0000	119.0000
1280.3325	36.0000	124.0000
1279.8369	34.0000	128.0000
1279.3414	45.0000	125.0000
1278.8458	31.0000	127.0000
1278.3502	42.0000	123.0000
1277.8547	40.0000	109.0000
1277.3591	46.0000	132.0000
1276.8635	41.0000	126.0000
1276.3680	47.0000	128.0000
1275.8724	58.0000	139.0000
1275.3768	47.0000	141.0000
1274.8813	52.0000	128.0000
1274.3857	47.0000	141.0000
1273.8901	48.0000	141.0000
1273.3947	45.0000	138.0000
1272.8990	41.0000	139.0000
1272.4034	32.0000	122.0000
1271.9080	43.0000	138.0000
1271.4124	32.0000	124.0000
1270.9167	50.0000	140.0000
1270.4213	41.0000	148.0000
1269.9257	56.0000	155.0000
1269.4301	59.0000	142.0000
1268.9346	63.0000	171.0000
1268.4390	47.0000	156.0000
1267.9434	51.0000	158.0000
1267.4479	63.0000	167.0000
1266.9523	50.0000	142.0000
1266.4567	57.0000	155.0000
1265.9612	69.0000	168.0000
1265.4656	50.0000	138.0000
1264.9700	56.0000	156.0000
1264.4745	49.0000	146.0000
1263.9789	65.0000	180.0000
1263.4833	48.0000	155.0000
1262.9878	68.0000	163.0000
1262.4922	59.0000	167.0000
1261.9966	83.0000	186.0000
1261.5011	52.0000	172.0000
1261.0055	50.0000	154.0000
1260.5099	52.0000	158.0000
1260.0144	46.0000	167.0000
1259.5188	68.0000	183.0000
1259.0232	72.0000	200.0000
1258.5277	63.0000	183.0000
1258.0321	68.0000	187.0000
1257.5365	69.0000	191.0000
1257.0410	62.0000	187.0000
1256.5454	69.0000	191.0000
1256.0498	79.0000	202.0000
1255.5543	63.0000	198.0000
1255.0587	71.0000	200.0000
1254.5631	70.0000	184.0000
1254.0676	86.0000	222.0000
1253.5720	65.0000	201.0000
1253.0764	76.0000	195.0000
1252.5809	81.0000	204.0000
1252.0853	53.0000	183.0000
1251.5897	73.0000	200.0000
1251.0942	70.0000	206.0000
1250.5986	79.0000	212.0000
1250.1030	87.0000	210.0000
1249.6075	68.0000	204.0000
1249.1119	78.0000	218.0000
1248.6163	79.0000	227.0000
1248.1207	70.0000	210.0000
1247.6252	61.0000	214.0000
1247.1296	75.0000	235.0000
1246.6340	83.0000	226.0000
1246.1385	101.0000	248.0000
1245.6429	75.0000	228.0000
1245.1473	75.0000	234.0000
1244.6519	90.0000	251.0000
1244.1562	84.0000	230.0000
1243.6606	84.0000	262.0000
1243.1652	85.0000	246.0000
1242.6696	101.0000	264.0000
1242.1740	83.0000	259.0000
1241.6785	96.0000	286.0000
1241.1829	88.0000	251.0000
1240.6873	94.0000	271.0000
1240.1918	76.0000	252.0000
1239.6962	75.0000	227.0000
1239.2006	88.0000	256.0000
1238.7051	92.0000	255.0000
1238.2095	96.0000	289.0000
1237.7139	89.0000	292.0000
1237.2184	116.0000	277.0000
1236.7228	113.0000	321.0000
1236.2272	113.0000	335.0000
1235.7317	107.0000	356.0000
1235.2361	104.0000	309.0000
1234.7405	109.0000	332.0000
1234.2450	119.0000	342.0000
1233.7494	119.0000	369.0000
1233.2538	114.0000	409.0000
1232.7583	104.0000	348.0000
1232.2627	121.0000	392.0000
1231.7671	126.0000	395.0000
1231.2716	152.0000	382.0000
1230.7760	117.0000	343.0000
1230.2804	121.0000	363.0000
1229.7849	111.0000	336.0000
1229.2893	122.0000	368.0000
1228.7937	135.0000	342.0000
1228.2982	125.0000	356.0000
1227.8026	115.0000	373.0000
1227.3070	116.0000	334.0000
1226.8115	108.0000	307.0000
1226.3159	124.0000	335.0000
1225.8203	138.0000	374.0000
1225.3248	103.0000	304.0000
1224.8292	117.0000	370.0000
1224.3336	131.0000	362.0000
1223.8381	110.0000	327.0000
1223.3425	114.0000	327.0000
1222.8469	161.0000	380.0000
1222.3514	119.0000	367.0000
1221.8558	113.0000	349.0000
1221.3602	121.0000	344.0000
1220.8647	121.0000	380.0000
1220.3691	157.0000	423.0000
1219.8735	129.0000	371.0000
1219.3781	120.0000	398.0000
1218.8824	126.0000	366.0000
1218.3868	119.0000	342.0000
1217.8914	118.0000	355.0000
1217.3958	142.0000	392.0000
1216.9001	151.0000	402.0000
1216.4047	146.0000	393.0000
1215.9091	136.0000	412.0000
1215.4135	139.0000	440.0000
1214.9178	130.0000	369.0000
1214.4224	155.0000	452.0000
1213.9268	135.0000	411.0000
1213.4312	145.0000	399.0000
1212.9357	147.0000	398.0000
1212.4401	141.0000	412.0000
1211.9445	156.0000	442.0000
1211.4490	148.0000	443.0000
1210.9534	157.0000	502.0000
1210.4578	176.0000	503.0000
1209.9623	190.0000	508.0000
1209.4667	155.0000	489.0000
1208.9711	173.0000	519.0000
1208.4756	150.0000	446.0000
1207.9800	161.0000	463.0000
1207.4844	179.0000	464.0000
1206.9889	152.0000	444.0000
1206.4933	173.0000	501.0000
1205.9977	172.0000	522.0000
1205.5022	184.0000	502.0000
1205.0066	150.0000	471.0000
1204.5110	172.0000	504.0000
1204.0155	158.0000	457.0000
1203.5199	152.0000	480.0000
1203.0243	167.0000	492.0000
1202.5288	165.0000	483.0000
1202.0332	234.0000	643.0000
1201.5376	205.0000	640.0000
1201.0421	419.0000	1208.0000
1200.5465	427.0000	1312.0000
1200.0509	448.0000	1226.0000
1199.5554	445.0000	1319.0000
1199.0598	460.0000	1361.0000
1198.5642	267.0000	831.0000
1198.0687	285.0000	807.0000
1197.5731	317.0000	855.0000
1197.0775	217.0000	646.0000
1196.5820	216.0000	648.0000
1196.0864	193.0000	627.0000
1195.5908	223.0000	632.0000
1195.0953	220.0000	607.0000
1194.5997	205.0000	540.0000
1194.1041	207.0000	562.0000
1193.6086	183.0000	599.0000
1193.1130	217.0000	652.0000
1192.6174	198.0000	573.0000
1192.1219	222.0000	611.0000
1191.6263	200.0000	607.0000
1191.1307	208.0000	583.0000
1190.6353	208.0000	621.0000
1190.1396	214.0000	614.0000
1189.6440	217.0000	636.0000
1189.1486	230.0000	661.0000
1188.6530	212.0000	629.0000
1188.1573	230.0000	664.0000
1187.6619	221.0000	646.0000
1187.1663	222.0000	636.0000
1186.6707	207.0000	613.0000
1186.1752	231.0000	653.0000
1185.6796	247.0000	681.0000
1185.1840	248.0000	734.0000
1184.6885	256.0000	653.0000
1184.1929	224.0000	673.0000
1183.6973	244.0000	714.0000
1183.2018	243.0000	693.0000
1182.7062	224.0000	647.0000
1182.2106	247.0000	720.0000
1181.7151	227.0000	695.0000
1181.2195	256.0000	715.0000
1180.7239	255.0000	680.0000
1180.2283	235.0000	730.0000
1179.7328	239.0000	733.0000
1179.2372	235.0000	740.0000
1178.7416	262.0000	774.0000
1178.2461	245.0000	738.0000
1177.7505	258.0000	756.0000
1177.2549	238.0000	729.0000
1176.7594	280.0000	792.0000
1176.2638	265.0000	751.0000
1175.7682	257.0000	733.0000
1175.2727	292.0000	779.0000
1174.7771	270.0000	740.0000
1174.2815	212.0000	719.0000
1173.7860	238.0000	713.0000
1173.2904	277.0000	738.0000
1172.7948	245.0000	729.0000
1172.2993	268.0000	773.0000
1171.8037	251.0000	768.0000
1171.3081	256.0000	751.0000
1170.8126	235.0000	739.0000
1170.3170	258.0000	782.0000
1169.8214	270.0000	781.0000
1169.3259	280.0000	745.0000
1168.8303	264.0000	801.0000
1168.3347	255.0000	755.0000
1167.8392	265.0000	760.0000
1167.3436	253.0000	719.0000
1166.8480	234.0000	753.0000
1166.3525	279.0000	776.0000
1165.8569	270.0000	785.0000
1165.3613	259.0000	811.0000
1164.8658	262.0000	755.0000
1164.3702	260.0000	796.0000
1163.8746	243.0000	737.0000
1163.3792	234.0000	724.0000
1162.8835	269.0000	778.0000
1162.3879	262.0000	786.0000
1161.8925	230.0000	759.0000
1161.3969	236.0000	758.0000
1160.9012	254.0000	820.0000
1160.4058	254.0000	784.0000
1159.9102	258.0000	738.0000
1159.4146	266.0000	779.0000
1158.9191	235.0000	814.0000
1158.4235	252.0000	784.0000
1157.9279	254.0000	768.0000
1157.4324	254.0000	721.0000
1156.9368	269.0000	806.0000
1156.4412	245.0000	792.0000
1155.9457	259.0000	769.0000
1155.4501	262.0000	779.0000
1154.9545	236.0000	796.0000
1154.4590	239.0000	736.0000
1153.9634	236.0000	759.0000
1153.4678	290.0000	773.0000
1152.9723	250.0000	804.0000
1152.4767	239.0000	755.0000
1151.9811	280.0000	789.0000
1151.4856	263.0000	821.0000
1150.9900	262.0000	781.0000
1150.4944	283.0000	819.0000
1149.9989	246.0000	783.0000
1149.5033	264.0000	793.0000
1149.0077	243.0000	743.0000
1148.5122	265.0000	784.0000
1148.0166	253.0000	779.0000
1147.5210	258.0000	776.0000
1147.0254	252.0000	724.0000
1146.5299	259.0000	813.0000
1146.0343	273.0000	785.0000
1145.5387	268.0000	777.0000
1145.0432	268.0000	786.0000
1144.5476	248.0000	762.0000
1144.0520	282.0000	816.0000
1143.5565	248.0000	809.0000
1143.0609	256.0000	775.0000
1142.5653	261.0000	767.0000
1142.0698	248.0000	761.0000
1141.5742	255.0000	787.0000
1141.0786	267.0000	782.0000
1140.5831	258.0000	779.0000
1140.0875	265.0000	782.0000
1139.5919	264.0000	841.0000
1139.0964	276.0000	835.0000
1138.6008	305.0000	878.0000
1138.1052	276.0000	777.0000
1137.6097	292.0000	841.0000
1137.1141	292.0000	827.0000
1136.6185	288.0000	837.0000
1136.1230	273.0000	826.0000
1135.6274	292.0000	882.0000
1135.1318	272.0000	829.0000
1134.6364	280.0000	800.0000
1134.1407	293.0000	844.0000
1133.6451	256.0000	822.0000
1133.1497	298.0000	884.0000
1132.6541	266.0000	808.0000
1132.1584	272.0000	844.0000
1131.6630	284.0000	842.0000
1131.1674	280.0000	824.0000
1130.6718	287.0000	814.0000
1130.1763	268.0000	803.0000
1129.6807	259.0000	827.0000
1129.1851	246.0000	797.0000
1128.6896	271.0000	842.0000
1128.1940	270.0000	873.0000
1127.6984	259.0000	844.0000
1127.2029	281.0000	854.0000
1126.7073	265.0000	824.0000
1126.2117	269.0000	817.0000
1125.7162	265.0000	814.0000
1125.2206	265.0000	809.0000
1124.7250	266.0000	819.0000
1124.2295	262.0000	818.0000
1123.7339	268.0000	841.0000
1123.2383	281.0000	832.0000
1122.7428	244.0000	760.0000
1122.2472	282.0000	854.0000
1121.7516	286.0000	866.0000
1121.2561	271.0000	820.0000
1120.7605	274.0000	829.0000
1120.2649	292.0000	840.0000
1119.7694	283.0000	881.0000
1119.2738	317.0000	890.0000
1118.7782	408.0000	1270.0000
1118.2827	426.0000	1306.0000
1117.7871	428.0000	1288.0000
1117.2915	500.0000	1439.0000
1116.7960	443.0000	1461.0000
1116.3004	329.0000	942.0000
1115.8048	321.0000	990.0000
1115.3093	324.0000	1013.0000
1114.8137	326.0000	963.0000
1114.3181	266.0000	867.0000
1113.8225	276.0000	956.0000
1113.3270	323.0000	940.0000
1112.8314	378.0000	1190.0000
1112.3358	396.0000	1249.0000
1111.8403	414.0000	1248.0000
1111.3447	394.0000	1239.0000
1110.8491	395.0000	1259.0000
1110.3536	327.0000	989.0000
1109.8580	319.0000	975.0000
1109.3624	334.0000	970.0000
1108.8669	317.0000	898.0000
1108.3713	305.0000	947.0000
1107.8757	309.0000	936.0000
1107.3802	340.0000	1006.0000
1106.8846	309.0000	964.0000
1106.3890	298.0000	939.0000
1105.8936	315.0000	974.0000
1105.3979	334.0000	1003.0000
1104.9023	360.0000	960.0000
1104.4069	379.0000	1021.0000
1103.9113	333.0000	1002.0000
1103.4156	318.0000	967.0000
1102.9202	326.0000	1049.0000
1102.4246	315.0000	994.0000
1101.9290	364.0000	1074.0000
1101.4335	361.0000	1073.0000
1100.9379	367.0000	1078.0000
1100.4423	325.0000	990.0000
1099.9468	353.0000	1077.0000
1099.4512	383.0000	1112.0000
1098.9556	347.0000	1046.0000
1098.4601	347.0000	1062.0000
1097.9645	387.0000	1084.0000
1097.4689	371.0000	1108.0000
1096.9734	354.0000	1124.0000
1096.4778	382.0000	1159.0000
1095.9822	388.0000	1179.0000
1095.4867	384.0000	1140.0000
1094.9911	389.0000	1170.0000
1094.4955	387.0000	1129.0000
1094.0000	370.0000	1176.0000
1093.5044	369.0000	1117.0000
1093.0088	393.0000	1186.0000
1092.5133	377.0000	1155.0000
1092.0177	398.0000	1153.0000
1091.5221	385.0000	1142.0000
1091.0266	353.0000	1157.0000
1090.5310	401.0000	1189.0000
1090.0354	387.0000	1179.0000
1089.5399	437.0000	1224.0000
1089.0443	368.0000	1183.0000
1088.5487	402.0000	1235.0000
1088.0532	382.0000	1212.0000
1087.5576	371.0000	1184.0000
1087.0620	413.0000	1280.0000
1086.5665	406.0000	1184.0000
1086.0709	402.0000	1215.0000
1085.5753	398.0000	1150.0000
1085.0798	374.0000	1173.0000
1084.5842	412.0000	1246.0000
1084.0886	421.0000	1211.0000
1083.5931	410.0000	1161.0000
1083.0975	420.0000	1205.0000
1082.6019	400.0000	1201.0000
1082.1064	386.0000	1185.0000
1081.6108	418.0000	1232.0000
1081.1152	422.0000	1268.0000
1080.6196	385.0000	1178.0000
1080.1241	393.0000	1181.0000
1079.6285	426.0000	1242.0000
1079.1329	401.0000	1232.0000
1078.6375	442.0000	1280.0000
1078.1418	440.0000	1281.0000
1077.6462	424.0000	1216.0000
1077.1508	419.0000	1264.0000
1076.6552	420.0000	1199.0000
1076.1595	384.0000	1243.0000
1075.6641	452.0000	1268.0000
1075.1685	411.0000	1256.0000
1074.6729	427.0000	1230.0000
1074.1774	419.0000	1264.0000
1073.6818	396.0000	1211.0000
1073.1862	459.0000	1320.0000
1072.6907	455.0000	1312.0000
1072.1951	411.0000	1335.0000
1071.6995	409.0000	1289.0000
1071.2040	414.0000	1283.0000
1070.7084	427.0000	1291.0000
1070.2128	435.0000	1329.0000
1069.7173	443.0000	1349.0000
1069.2217	474.0000	1356.0000
1068.7261	464.0000	1350.0000
1068.2306	428.0000	1314.0000
1067.7350	429.0000	1374.0000
1067.2394	425.0000	1297.0000
1066.7439	460.0000	1387.0000
1066.2483	422.0000	1305.0000
1065.7527	444.0000	1348.0000
1065.2572	471.0000	1375.0000
1064.7616	486.0000	1403.0000
1064.2660	452.0000	1315.0000
1063.7705	427.0000	1281.0000
1063.2749	450.0000	1343.0000
1062.7793	467.0000	1385.0000
1062.2838	456.0000	1406.0000
1061.7882	456.0000	1340.0000
1061.2926	431.0000	1344.0000
1060.7971	458.0000	1423.0000
1060.3015	450.0000	1333.0000
1059.8059	402.0000	1310.0000
1059.3104	444.0000	1336.0000
1058.8148	430.0000	1327.0000
1058.3192	443.0000	1372.0000
1057.8237	469.0000	1410.0000
1057.3281	463.0000	1403.0000
1056.8325	430.0000	1276.0000
1056.3370	439.0000	1319.0000
1055.8414	446.0000	1390.0000
1055.3458	437.0000	1311.0000
1054.8503	470.0000	1413.0000
1054.3547	450.0000	1337.0000
1053.8591	431.0000	1340.0000
1053.3636	479.0000	1390.0000
1052.8680	452.0000	1341.0000
1052.3724	438.0000	1314.0000
1051.8770	463.0000	1363.0000
1051.3813	444.0000	1365.0000
1050.8857	456.0000	1379.0000
1050.3903	424.0000	1368.0000
1049.8947	464.0000	1368.0000
1049.3990	453.0000	1407.0000
1048.9036	449.0000	1383.0000
1048.4080	450.0000	1388.0000
1047.9124	441.0000	1351.0000
1047.4167	453.0000	1430.0000
1046.9213	444.0000	1384.0000
1046.4257	485.0000	1373.0000
1045.9301	472.0000	1359.0000
1045.4346	479.0000	1393.0000
1044.9390	476.0000	1348.0000
1044.4434	432.0000	1336.0000
1043.9479	450.0000	1343.0000
1043.4523	478.0000	1392.0000
1042.9567	457.0000	1410.0000
1042.4612	464.0000	1375.0000
1041.9656	486.0000	1424.0000
1041.4700	485.0000	1427.0000
1040.9745	478.0000	1458.0000
1040.4789	464.0000	1402.0000
1039.9833	470.0000	1380.0000
1039.4878	487.0000	1449.0000
1038.9922	481.0000	1467.0000
1038.4966	500.0000	1422.0000
1038.0011	484.0000	1415.0000
1037.5055	447.0000	1439.0000
1037.0099	434.0000	1406.0000
1036.5144	507.0000	1469.0000
1036.0188	414.0000	1393.0000
1035.5232	476.0000	1441.0000
1035.0277	489.0000	1448.0000
1034.5321	474.0000	1391.0000
1034.0365	470.0000	1443.0000
1033.5410	484.0000	1442.0000
1033.0454	461.0000	1446.0000
1032.5498	478.0000	1394.0000
1032.0543	483.0000	1418.0000
1031.5587	473.0000	1405.0000
1031.0631	436.0000	1439.0000
1030.5676	472.0000	1399.0000
1030.0720	507.0000	1520.0000
1029.5764	469.0000	1468.0000
1029.0809	443.0000	1411.0000
1028.5853	479.0000	1437.0000
1028.0897	472.0000	1446.0000
1027.5942	519.0000	1519.0000
1027.0986	480.0000	1437.0000
1026.6030	447.0000	1470.0000
1026.1075	480.0000	1453.0000
1025.6119	479.0000	1505.0000
1025.1163	444.0000	1420.0000
1024.6208	498.0000	1489.0000
1024.1252	478.0000	1532.0000
1023.6297	452.0000	1445.0000
1023.1341	505.0000	1468.0000
1022.6385	529.0000	1482.0000
1022.1429	494.0000	1512.0000
1021.6474	503.0000	1433.0000
1021.1519	498.0000	1510.0000
1020.6562	509.0000	1504.0000
1020.1607	497.0000	1537.0000
1019.6652	489.0000	1461.0000
1019.1696	502.0000	1512.0000
1018.6740	537.0000	1494.0000
1018.1785	460.0000	1429.0000
1017.6829	464.0000	1417.0000
1017.1873	525.0000	1471.0000
1016.6918	473.0000	1409.0000
1016.1962	467.0000	1464.0000
1015.7006	497.0000	1543.0000
1015.2051	517.0000	1560.0000
1014.7095	491.0000	1511.0000
1014.2139	489.0000	1481.0000
1013.7184	473.0000	1419.0000
1013.2228	506.0000	1537.0000
1012.7272	489.0000	1489.0000
1012.2317	484.0000	1431.0000
1011.7361	503.0000	1508.0000
1011.2405	532.0000	1569.0000
1010.7450	478.0000	1481.0000
1010.2494	486.0000	1466.0000
1009.7538	495.0000	1531.0000
1009.2583	477.0000	1519.0000
1008.7627	488.0000	1539.0000
1008.2672	517.0000	1516.0000
1007.7716	451.0000	1485.0000
1007.2760	492.0000	1527.0000
1006.7805	483.0000	1450.0000
1006.2849	500.0000	1545.0000
1005.7893	516.0000	1494.0000
1005.2938	487.0000	1455.0000
1004.7982	506.0000	1512.0000
1004.3026	466.0000	1469.0000
1003.8071	484.0000	1483.0000
1003.3115	492.0000	1514.0000
1002.8159	476.0000	1496.0000
1002.3204	536.0000	1548.0000
1001.8248	528.0000	1548.0000
1001.3292	535.0000	1553.0000
1000.8337	500.0000	1527.0000
1000.3381	474.0000	1511.0000
999.8425	497.0000	1559.0000
999.3470	492.0000	1562.0000
998.8514	494.0000	1508.0000
998.3558	517.0000	1490.0000
997.8603	477.0000	1517.0000
997.3647	486.0000	1465.0000
996.8691	516.0000	1490.0000
996.3736	458.0000	1498.0000
995.8780	501.0000	1491.0000
995.3824	495.0000	1526.0000
994.8869	502.0000	1552.0000
994.3913	481.0000	1507.0000
993.8958	512.0000	1582.0000
993.4002	477.0000	1455.0000
992.9046	502.0000	1519.0000
992.4091	538.0000	1550.0000
991.9135	513.0000	1605.0000
991.4179	512.0000	1546.0000
990.9224	523.0000	1563.0000
990.4268	499.0000	1559.0000
989.9312	502.0000	1517.0000
989.4357	488.0000	1520.0000
988.9401	489.0000	1578.0000
988.4445	518.0000	1538.0000
987.9490	492.0000	1529.0000
987.4534	502.0000	1591.0000
986.9578	502.0000	1532.0000
986.4623	514.0000	1551.0000
985.9667	545.0000	1575.0000
985.4711	509.0000	1636.0000
984.9756	520.0000	1603.0000
984.4800	491.0000	1542.0000
983.9844	501.0000	1580.0000
983.4889	538.0000	1568.0000
982.9933	503.0000	1594.0000
982.4977	533.0000	1524.0000
982.0022	513.0000	1545.0000
981.5066	555.0000	1656.0000
981.0110	529.0000	1612.0000
980.5155	566.0000	1629.0000
980.0199	528.0000	1576.0000
979.5244	536.0000	1566.0000
979.0288	536.0000	1605.0000
978.5332	537.0000	1605.0000
978.0377	477.0000	1587.0000
977.5421	527.0000	1565.0000
977.0465	514.0000	1519.0000
976.5510	542.0000	1599.0000
976.0554	529.0000	1625.0000
975.5598	487.0000	1577.0000
975.0643	508.0000	1595.0000
974.5687	512.0000	1556.0000
974.0731	517.0000	1646.0000
973.5776	539.0000	1646.0000
973.0820	502.0000	1598.0000
972.5864	500.0000	1565.0000
972.0909	518.0000	1612.0000
971.5953	523.0000	1620.0000
971.0997	503.0000	1602.0000
970.6042	550.0000	1683.0000
970.1086	542.0000	1734.0000
969.6130	540.0000	1704.0000
969.1175	545.0000	1714.0000
968.6219	583.0000	1826.0000
968.1263	587.0000	1786.0000
967.6308	595.0000	1841.0000
967.1352	646.0000	1912.0000
966.6396	591.0000	1825.0000
966.1441	577.0000	1853.0000
965.6485	613.0000	1903.0000
965.1530	598.0000	1916.0000
964.6574	617.0000	1900.0000
964.1618	572.0000	1766.0000
963.6663	586.0000	1790.0000
963.1707	596.0000	1830.0000
962.6751	540.0000	1731.0000
962.1796	579.0000	1740.0000
961.6840	589.0000	1807.0000
961.1884	570.0000	1736.0000
960.6929	595.0000	1728.0000
960.1973	602.0000	1807.0000
959.7017	572.0000	1795.0000
959.2062	620.0000	1824.0000
958.7106	616.0000	1986.0000
958.2150	647.0000	1953.0000
957.7195	851.0000	2660.0000
957.2239	887.0000	2735.0000
956.7283	1091.0000	3198.0000
956.2328	1063.0000	3185.0000
955.7372	1028.0000	3168.0000
955.2416	1124.0000	3332.0000
954.7461	1091.0000	3239.0000
954.2505	874.0000	2635.0000
953.7549	855.0000	2583.0000
953.2594	899.0000	2610.0000
952.7638	644.0000	1991.0000
952.2682	670.0000	2017.0000
951.7727	645.0000	1959.0000
951.2771	600.0000	1924.0000
950.7816	687.0000	1962.0000
950.2860	642.0000	1944.0000
949.7904	651.0000	1976.0000
949.2949	622.0000	1930.0000
948.7993	655.0000	1948.0000
948.3037	642.0000	2036.0000
947.8082	627.0000	2010.0000
947.3126	669.0000	2043.0000
946.8170	669.0000	2019.0000
946.3215	670.0000	2063.0000
945.8259	717.0000	2095.0000
945.3303	697.0000	2181.0000
944.8348	738.0000	2151.0000
944.3392	707.0000	2132.0000
943.8436	713.0000	2134.0000
943.3481	762.0000	2203.0000
942.8525	731.0000	2273.0000
942.3569	698.0000	2168.0000
941.8614	793.0000	2296.0000
941.3658	789.0000	2280.0000
940.8702	816.0000	2365.0000
940.3747	748.0000	2337.0000
939.8791	760.0000	2329.0000
939.3835	770.0000	2380.0000
938.8880	789.0000	2362.0000
938.3924	839.0000	2434.0000
937.8969	821.0000	2389.0000
937.4013	772.0000	2397.0000
936.9057	826.0000	2491.0000
936.4102	833.0000	2483.0000
935.9146	813.0000	2408.0000
935.4190	838.0000	2447.0000
934.9235	810.0000	2424.0000
934.4279	801.0000	2395.0000
933.9323	833.0000	2500.0000
933.4368	811.0000	2573.0000
932.9412	844.0000	2452.0000
932.4456	793.0000	2458.0000
931.9501	819.0000	2400.0000
931.4545	829.0000	2477.0000
930.9589	777.0000	2427.0000
930.4634	824.0000	2490.0000
929.9678	832.0000	2479.0000
929.4722	874.0000	2517.0000
928.9767	798.0000	2434.0000
928.4811	812.0000	2473.0000
927.9855	826.0000	2465.0000
927.4900	830.0000	2438.0000
926.9944	806.0000	2549.0000
926.4988	803.0000	2522.0000
926.0033	816.0000	2486.0000
925.5078	822.0000	2524.0000
925.0121	815.0000	2466.0000
924.5166	832.0000	2546.0000
924.0211	831.0000	2471.0000
923.5255	861.0000	2618.0000
923.0299	799.0000	2565.0000
922.5343	849.0000	2618.0000
922.0388	832.0000	2535.0000
921.5432	873.0000	2568.0000
921.0476	806.0000	2525.0000
920.5521	827.0000	2569.0000
920.0565	839.0000	2563.0000
919.5609	852.0000	2613.0000
919.0654	866.0000	2678.0000
918.5698	873.0000	2746.0000
918.0742	895.0000	2698.0000
917.5787	881.0000	2747.0000
917.0831	935.0000	2800.0000
916.5875	970.0000	2811.0000
916.0920	888.0000	2766.0000
915.5964	888.0000	2722.0000
915.1008	931.0000	2832.0000
914.6053	913.0000	2734.0000
914.1097	951.0000	2806.0000
913.6141	945.0000	2799.0000
913.1186	883.0000	2662.0000
912.6230	852.0000	2685.0000
912.1274	938.0000	2674.0000
911.6319	847.0000	2640.0000
911.1364	895.0000	2666.0000
910.6407	865.0000	2895.0000
910.1452	848.0000	2578.0000
909.6497	820.0000	2595.0000
909.1541	867.0000	2634.0000
908.6585	846.0000	2652.0000
908.1630	918.0000	2709.0000
907.6674	891.0000	2710.0000
907.1718	827.0000	2606.0000
906.6762	880.0000	2633.0000
906.1807	901.0000	2636.0000
905.6851	853.0000	2627.0000
905.1895	826.0000	2612.0000
904.6940	943.0000	2752.0000
904.1984	874.0000	2650.0000
903.7028	881.0000	2620.0000
903.2073	835.0000	2664.0000
902.7117	833.0000	2590.0000
902.2161	916.0000	2666.0000
901.7206	862.0000	2704.0000
901.2250	896.0000	2616.0000
900.7294	905.0000	2702.0000
900.2339	880.0000	2713.0000
899.7383	903.0000	2704.0000
899.2427	919.0000	2718.0000
898.7472	897.0000	2658.0000
898.2516	894.0000	2700.0000
897.7560	892.0000	2665.0000
897.2605	900.0000	2662.0000
896.7650	906.0000	2736.0000
896.2693	948.0000	2769.0000
895.7738	825.0000	2684.0000
895.2783	930.0000	2787.0000
894.7827	917.0000	2737.0000
894.2871	922.0000	2713.0000
893.7916	894.0000	2741.0000
893.2960	901.0000	2772.0000
892.8004	908.0000	2751.0000
892.3049	888.0000	2805.0000
891.8093	866.0000	2692.0000
891.3137	909.0000	2726.0000
890.8182	876.0000	2692.0000
890.3226	865.0000	2732.0000
889.8270	911.0000	2733.0000
889.3314	979.0000	2875.0000
888.8359	891.0000	2731.0000
888.3403	905.0000	2672.0000
887.8447	974.0000	2861.0000
887.3492	852.0000	2693.0000
886.8536	903.0000	2682.0000
886.3580	873.0000	2725.0000
885.8625	888.0000	2782.0000
885.3669	914.0000	2770.0000
884.8713	971.0000	2877.0000
884.3758	952.0000	2818.0000
883.8802	929.0000	2842.0000
883.3846	873.0000	2824.0000
882.8891	904.0000	2800.0000
882.3936	900.0000	2760.0000
881.8979	974.0000	2804.0000
881.4024	913.0000	2733.0000
880.9069	895.0000	2743.0000
880.4113	922.0000	2767.0000
879.9157	944.0000	2769.0000
879.4202	953.0000	2722.0000
878.9246	935.0000	2835.0000
878.4290	955.0000	2832.0000
877.9335	938.0000	2754.0000
877.4379	872.0000	2677.0000
876.9423	904.0000	2746.0000
876.4468	917.0000	2804.0000
875.9512	927.0000	2769.0000
875.4556	908.0000	2762.0000
874.9601	934.0000	2809.0000
874.4645	990.0000	2935.0000
873.9689	922.0000	2818.0000
873.4733	901.0000	2741.0000
872.9778	845.0000	2698.0000
872.4822	852.0000	2765.0000
871.9866	911.0000	2757.0000
871.4911	902.0000	2845.0000
870.9955	949.0000	2825.0000
870.4999	916.0000	2828.0000
870.0044	954.0000	2883.0000
869.5089	948.0000	2908.0000
869.0132	954.0000	2880.0000
868.5177	921.0000	2741.0000
868.0222	947.0000	2833.0000
867.5266	987.0000	2910.0000
867.0310	966.0000	2936.0000
866.5355	966.0000	2816.0000
866.0399	944.0000	2844.0000
865.5443	930.0000	2894.0000
865.0488	945.0000	2900.0000
864.5532	968.0000	2869.0000
864.0576	960.0000	2896.0000
863.5621	887.0000	2764.0000
863.0665	938.0000	2854.0000
862.5709	945.0000	2803.0000
862.0754	934.0000	2843.0000
861.5798	919.0000	2935.0000
861.0842	934.0000	2847.0000
860.5887	963.0000	2841.0000
860.0931	862.0000	2749.0000
859.5975	970.0000	2864.0000
859.1020	920.0000	2847.0000
858.6064	1017.0000	2882.0000
858.1108	903.0000	2867.0000
857.6153	898.0000	2780.0000
857.1197	972.0000	2933.0000
856.6241	979.0000	2952.0000
856.1285	942.0000	2931.0000
855.6330	959.0000	2942.0000
855.1375	968.0000	2888.0000
854.6418	938.0000	2903.0000
854.1463	970.0000	2908.0000
853.6508	958.0000	2850.0000
853.1552	1002.0000	2939.0000
852.6596	956.0000	2932.0000
852.1641	957.0000	2846.0000
851.6685	942.0000	2891.0000
851.1729	957.0000	2896.0000
850.6774	988.0000	2918.0000
850.1818	918.0000	2868.0000
849.6862	953.0000	2896.0000
849.1907	955.0000	2923.0000
848.6951	1024.0000	3006.0000
848.1995	950.0000	2929.0000
847.7040	1017.0000	3008.0000
847.2084	972.0000	2976.0000
846.7128	974.0000	2983.0000
846.2173	1035.0000	3049.0000
845.7217	1021.0000	3101.0000
845.2261	1018.0000	3037.0000
844.7306	1033.0000	3020.0000
844.2350	989.0000	3064.0000
843.7394	1056.0000	3123.0000
843.2439	1010.0000	3050.0000
842.7483	1039.0000	3190.0000
842.2527	1056.0000	3092.0000
841.7572	1004.0000	3057.0000
841.2616	1023.0000	3119.0000
840.7661	1023.0000	3096.0000
840.2704	1077.0000	3137.0000
839.7749	1020.0000	3186.0000
839.2794	1023.0000	3096.0000
838.7838	1025.0000	3238.0000
838.2882	1078.0000	3167.0000
837.7927	1098.0000	3207.0000
837.2971	1126.0000	3270.0000
836.8015	1079.0000	3255.0000
836.3060	1047.0000	3255.0000
835.8104	1066.0000	3253.0000
835.3148	1075.0000	3279.0000
834.8193	1071.0000	3262.0000
834.3237	1097.0000	3370.0000
833.8281	1080.0000	3252.0000
833.3326	1095.0000	3296.0000
832.8370	1102.0000	3265.0000
832.3414	1063.0000	3280.0000
831.8459	1133.0000	3371.0000
831.3503	1081.0000	3259.0000
830.8547	1047.0000	3251.0000
830.3592	1128.0000	3369.0000
829.8636	1097.0000	3290.0000
829.3680	1131.0000	3338.0000
828.8725	1079.0000	3303.0000
828.3769	1108.0000	3362.0000
827.8813	1136.0000	3423.0000
827.3858	1116.0000	3327.0000
826.8902	1121.0000	3354.0000
826.3947	1107.0000	3346.0000
825.8991	1108.0000	3375.0000
825.4035	1118.0000	3374.0000
824.9080	1076.0000	3357.0000
824.4124	1170.0000	3440.0000
823.9168	1098.0000	3395.0000
823.4213	1135.0000	3484.0000
822.9257	1135.0000	3446.0000
822.4301	1174.0000	3512.0000
821.9346	1242.0000	3574.0000
821.4390	1141.0000	3591.0000
820.9434	1147.0000	3566.0000
820.4479	1144.0000	3525.0000
819.9523	1143.0000	3511.0000
819.4567	1185.0000	3551.0000
818.9612	1178.0000	3643.0000
818.4656	1221.0000	3794.0000
817.9700	1190.0000	3698.0000
817.4745	1260.0000	3774.0000
816.9789	1245.0000	3748.0000
816.4833	1235.0000	3746.0000
815.9878	1221.0000	3763.0000
815.4922	1249.0000	3836.0000
814.9966	1287.0000	3766.0000
814.5011	1326.0000	3905.0000
814.0055	1346.0000	3964.0000
813.5099	1259.0000	3870.0000
813.0144	1310.0000	4011.0000
812.5188	1239.0000	3896.0000
812.0233	1291.0000	3939.0000
811.5277	1365.0000	3992.0000
811.0321	1253.0000	3969.0000
810.5366	1374.0000	4070.0000
810.0410	1286.0000	3938.0000
809.5454	1309.0000	3974.0000
809.0499	1361.0000	3927.0000
808.5543	1326.0000	3886.0000
808.0587	1341.0000	4123.0000
807.5632	1273.0000	3988.0000
807.0676	1305.0000	3975.0000
806.5720	1284.0000	3921.0000
806.0765	1337.0000	3996.0000
805.5809	1312.0000	4006.0000
805.0853	1389.0000	4161.0000
804.5898	1396.0000	4161.0000
804.0942	1424.0000	4370.0000
803.5986	1474.0000	4427.0000
803.1031	1425.0000	4326.0000
802.6075	1374.0000	4187.0000
802.1119	1388.0000	4291.0000
801.6164	1300.0000	4041.0000
801.1208	1363.0000	4179.0000
800.6252	1320.0000	4059.0000
800.1297	1346.0000	4040.0000
799.6341	1359.0000	4086.0000
799.1385	1349.0000	4118.0000
798.6430	1304.0000	4050.0000
798.1474	1301.0000	3905.0000
797.6519	1355.0000	4067.0000
797.1563	1330.0000	3981.0000
796.6607	1341.0000	4170.0000
796.1652	1346.0000	4102.0000
795.6696	1300.0000	4006.0000
795.1740	1377.0000	4144.0000
794.6785	1298.0000	3967.0000
794.1829	1375.0000	4117.0000
793.6873	1359.0000	4098.0000
793.1918	1359.0000	4078.0000
792.6962	1350.0000	4183.0000
792.2006	1374.0000	4071.0000
791.7051	1326.0000	4130.0000
791.2095	1364.0000	4158.0000
790.7139	1382.0000	4026.0000
790.2184	1344.0000	4144.0000
789.7228	1377.0000	4244.0000
789.2272	1340.0000	4090.0000
788.7317	1391.0000	4105.0000
788.2361	1363.0000	4170.0000
787.7405	1268.0000	4033.0000
787.2450	1416.0000	4110.0000
786.7494	1405.0000	4167.0000
786.2538	1340.0000	4048.0000
785.7583	1351.0000	4110.0000
785.2627	1410.0000	4164.0000
784.7672	1388.0000	4081.0000
784.2716	1327.0000	4025.0000
783.7760	1365.0000	4118.0000
783.2805	1429.0000	4122.0000
782.7849	1405.0000	4177.0000
782.2893	1405.0000	4102.0000
781.7938	1392.0000	4209.0000
781.2982	1334.0000	3993.0000
780.8026	1376.0000	4130.0000
780.3071	1363.0000	4097.0000
779.8115	1337.0000	4063.0000
779.3159	1357.0000	4103.0000
778.8204	1371.0000	4156.0000
778.3248	1350.0000	4145.0000
777.8292	1386.0000	4202.0000
777.3337	1382.0000	4126.0000
776.8381	1378.0000	4157.0000
776.3425	1319.0000	4107.0000
775.8470	1375.0000	4216.0000
775.3514	1368.0000	4142.0000
774.8558	1338.0000	4217.0000
774.3603	1373.0000	4171.0000
773.8647	1401.0000	4198.0000
773.3691	1381.0000	4195.0000
772.8736	1433.0000	4235.0000
772.3780	1407.0000	4140.0000
771.8824	1368.0000	4166.0000
771.3869	1440.0000	4216.0000
770.8913	1355.0000	4116.0000
770.3958	1389.0000	4167.0000
769.9002	1396.0000	4154.0000
769.4046	1370.0000	4188.0000
768.9091	1398.0000	4153.0000
768.4135	1388.0000	4228.0000
767.9179	1452.0000	4280.0000
767.4224	1388.0000	4139.0000
766.9268	1357.0000	4168.0000
766.4312	1360.0000	4118.0000
765.9357	1471.0000	4255.0000
765.4401	1330.0000	4103.0000
764.9445	1381.0000	4179.0000
764.4490	1408.0000	4257.0000
763.9534	1407.0000	4141.0000
763.4578	1320.0000	4043.0000
762.9623	1421.0000	4231.0000
762.4667	1350.0000	4075.0000
761.9711	1342.0000	4128.0000
761.4756	1370.0000	4135.0000
760.9800	1379.0000	4107.0000
760.4844	1381.0000	4161.0000
759.9889	1323.0000	4111.0000
759.4933	1359.0000	4148.0000
758.9977	1372.0000	4127.0000
758.5022	1341.0000	4149.0000
758.0067	1394.0000	4198.0000
757.5110	1431.0000	4194.0000
757.0155	1372.0000	4131.0000
756.5199	1369.0000	4151.0000
756.0244	1364.0000	4169.0000
755.5288	1356.0000	4155.0000
755.0332	1326.0000	4030.0000
754.5377	1406.0000	4113.0000
754.0421	1389.0000	4272.0000
753.5465	1405.0000	4184.0000
753.0510	1444.0000	4160.0000
752.5554	1343.0000	4218.0000
752.0598	1369.0000	4173.0000
751.5643	1354.0000	4132.0000
751.0687	1449.0000	4223.0000
750.5731	1375.0000	4063.0000
750.0776	1390.0000	4187.0000
749.5820	1386.0000	4160.0000
749.0864	1308.0000	4111.0000
748.5909	1413.0000	4106.0000
748.0953	1349.0000	4161.0000
747.5997	1329.0000	4102.0000
747.1042	1311.0000	4070.0000
746.6086	1367.0000	4115.0000
746.1130	1312.0000	4096.0000
745.6175	1346.0000	4116.0000
745.1219	1365.0000	4102.0000
744.6263	1363.0000	4068.0000
744.1308	1368.0000	4038.0000
743.6353	1341.0000	4112.0000
743.1396	1314.0000	4023.0000
742.6441	1325.0000	4108.0000
742.1486	1371.0000	4162.0000
741.6530	1366.0000	4141.0000
741.1574	1381.0000	4198.0000
740.6618	1355.0000	4154.0000
740.1663	1328.0000	4113.0000
739.6707	1376.0000	4138.0000
739.1751	1384.0000	4213.0000
738.6796	1299.0000	4080.0000
738.1840	1387.0000	4136.0000
737.6884	1376.0000	4091.0000
737.1929	1385.0000	4115.0000
736.6973	1427.0000	4213.0000
736.2017	1386.0000	4135.0000
735.7062	1438.0000	4224.0000
735.2106	1336.0000	4058.0000
734.7150	1425.0000	4173.0000
734.2195	1360.0000	4218.0000
733.7239	1430.0000	4239.0000
733.2283	1339.0000	4117.0000
732.7328	1361.0000	4114.0000
732.2372	1338.0000	4105.0000
731.7416	1356.0000	4165.0000
731.2461	1368.0000	4187.0000
730.7505	1370.0000	4112.0000
730.2549	1374.0000	4240.0000
729.7594	1343.0000	4165.0000
729.2639	1391.0000	4173.0000
728.7682	1391.0000	4068.0000
728.2727	1343.0000	4148.0000
727.7772	1345.0000	4134.0000
727.2816	1382.0000	4222.0000
726.7860	1434.0000	4251.0000
726.2905	1367.0000	4146.0000
725.7949	1385.0000	4142.0000
725.2993	1431.0000	4321.0000
724.8038	1364.0000	4156.0000
724.3082	1378.0000	4192.0000
723.8126	1381.0000	4162.0000
723.3170	1419.0000	4274.0000
722.8215	1349.0000	4108.0000
722.3259	1399.0000	4130.0000
721.8303	1360.0000	4114.0000
721.3348	1367.0000	4180.0000
720.8392	1323.0000	4028.0000
720.3436	1429.0000	4242.0000
719.8481	1445.0000	4229.0000
719.3525	1388.0000	4165.0000
718.8569	1351.0000	4151.0000
718.3614	1356.0000	4202.0000
717.8658	1394.0000	4165.0000
717.3702	1332.0000	4204.0000
716.8747	1368.0000	4098.0000
716.3792	1429.0000	4277.0000
715.8835	1434.0000	4242.0000
715.3880	1357.0000	4132.0000
714.8925	1440.0000	4295.0000
714.3969	1396.0000	4267.0000
713.9013	1430.0000	4107.0000
713.4058	1435.0000	4306.0000
712.9102	1359.0000	4316.0000
712.4146	1439.0000	4196.0000
711.9191	1414.0000	4251.0000
711.4235	1401.0000	4228.0000
710.9279	1395.0000	4262.0000
710.4324	1347.0000	4135.0000
709.9368	1363.0000	4185.0000
709.4412	1444.0000	4288.0000
708.9457	1410.0000	4233.0000
708.4501	1422.0000	4317.0000
707.9545	1363.0000	4144.0000
707.4589	1388.0000	4211.0000
706.9634	1440.0000	4256.0000
706.4678	1424.0000	4269.0000
705.9722	1407.0000	4264.0000
705.4767	1429.0000	4270.0000
704.9811	1481.0000	4386.0000
704.4855	1427.0000	4292.0000
703.9900	1411.0000	4386.0000
703.4944	1451.0000	4290.0000
702.9988	1401.0000	4301.0000
702.5033	1470.0000	4349.0000
702.0078	1380.0000	4348.0000
701.5121	1490.0000	4350.0000
701.0166	1449.0000	4302.0000
700.5211	1473.0000	4277.0000
700.0255	1361.0000	4206.0000
699.5299	1465.0000	4312.0000
699.0344	1393.0000	4415.0000
698.5388	1436.0000	4357.0000
698.0432	1456.0000	4317.0000
697.5477	1454.0000	4481.0000
697.0521	1497.0000	4443.0000
696.5565	1490.0000	4273.0000
696.0610	1506.0000	4432.0000
695.5654	1450.0000	4434.0000
695.0698	1418.0000	4332.0000
694.5743	1406.0000	4385.0000
694.0787	1448.0000	4372.0000
693.5831	1449.0000	4459.0000
693.0876	1495.0000	4516.0000
692.5920	1511.0000	4464.0000
692.0964	1477.0000	4443.0000
691.6009	1438.0000	4452.0000
691.1053	1465.0000	4464.0000
690.6097	1449.0000	4450.0000
690.1141	1472.0000	4410.0000
689.6186	1457.0000	4375.0000
689.1230	1511.0000	4487.0000
688.6274	1430.0000	4398.0000
688.1319	1441.0000	4385.0000
687.6364	1506.0000	4476.0000
687.1407	1361.0000	4290.0000
686.6452	1507.0000	4435.0000
686.1497	1527.0000	4458.0000
685.6541	1412.0000	4332.0000
685.1585	1422.0000	4320.0000
684.6630	1422.0000	4386.0000
684.1674	1358.0000	4284.0000
683.6718	1452.0000	4357.0000
683.1763	1454.0000	4479.0000
682.6807	1412.0000	4450.0000
682.1851	1385.0000	4335.0000
681.6896	1506.0000	4429.0000
681.1940	1446.0000	4354.0000
680.6984	1440.0000	4486.0000
680.2029	1515.0000	4511.0000
679.7073	1453.0000	4533.0000
679.2117	1486.0000	4462.0000
678.7162	1486.0000	4512.0000
678.2206	1502.0000	4465.0000
677.7250	1480.0000	4430.0000
677.2295	1529.0000	4526.0000
676.7339	1450.0000	4481.0000
676.2383	1466.0000	4484.0000
675.7428	1524.0000	4552.0000
675.2472	1498.0000	4473.0000
674.7516	1520.0000	4556.0000
674.2561	1442.0000	4480.0000
673.7605	1389.0000	4340.0000
673.2650	1489.0000	4374.0000
672.7693	1505.0000	4437.0000
672.2738	1485.0000	4472.0000
671.7783	1474.0000	4486.0000
671.2827	1495.0000	4457.0000
670.7871	1470.0000	4412.0000
670.2916	1433.0000	4422.0000
669.7960	1439.0000	4461.0000
669.3004	1467.0000	4427.0000
668.8049	1458.0000	4406.0000
668.3093	1409.0000	4368.0000
667.8137	1476.0000	4502.0000
667.3182	1438.0000	4394.0000
666.8226	1513.0000	4472.0000
666.3270	1531.0000	4592.0000
665.8315	1484.0000	4524.0000
665.3359	1510.0000	4531.0000
664.8403	1465.0000	4464.0000
664.3448	1463.0000	4464.0000
663.8492	1531.0000	4524.0000
663.3536	1530.0000	4554.0000
662.8581	1526.0000	4554.0000
662.3625	1533.0000	4635.0000
661.8669	1524.0000	4551.0000
661.3714	1518.0000	4561.0000
660.8758	1507.0000	4635.0000
660.3802	1502.0000	4672.0000
659.8847	1615.0000	4673.0000
659.3891	1574.0000	4607.0000
658.8936	1564.0000	4615.0000
658.3980	1529.0000	4690.0000
657.9024	1589.0000	4663.0000
657.4069	1544.0000	4615.0000
656.9113	1480.0000	4594.0000
656.4157	1494.0000	4470.0000
655.9202	1506.0000	4362.0000
655.4246	1487.0000	4566.0000
654.9290	1487.0000	4516.0000
654.4335	1503.0000	4611.0000
653.9379	1511.0000	4509.0000
653.4423	1460.0000	4536.0000
652.9468	1520.0000	4551.0000
652.4512	1536.0000	4536.0000
651.9556	1541.0000	4562.0000
651.4601	1508.0000	4494.0000
650.9645	1569.0000	4551.0000
650.4689	1493.0000	4586.0000
649.9734	1559.0000	4528.0000
649.4778	1455.0000	4480.0000
648.9822	1466.0000	4477.0000
648.4867	1531.0000	4518.0000
647.9911	1489.0000	4462.0000
647.4955	1560.0000	4645.0000
647.0000	1531.0000	4596.0000
646.5044	1530.0000	4592.0000
646.0089	1478.0000	4429.0000
645.5133	1445.0000	4368.0000
645.0177	1441.0000	4455.0000
644.5222	1563.0000	4608.0000
644.0266	1536.0000	4556.0000
643.5310	1497.0000	4597.0000
643.0355	1508.0000	4511.0000
642.5399	1487.0000	4525.0000
642.0443	1563.0000	4615.0000
641.5488	1496.0000	4471.0000
641.0532	1525.0000	4571.0000
640.5576	1576.0000	4675.0000
640.0621	1515.0000	4537.0000
639.5665	1480.0000	4488.0000
639.0709	1549.0000	4636.0000
638.5754	1502.0000	4616.0000
638.0798	1455.0000	4563.0000
637.5842	1538.0000	4589.0000
637.0887	1510.0000	4595.0000
636.5931	1517.0000	4541.0000
636.0975	1501.0000	4580.0000
635.6020	1512.0000	4580.0000
635.1064	1463.0000	4560.0000
634.6108	1521.0000	4630.0000
634.1153	1497.0000	4553.0000
633.6197	1491.0000	4561.0000
633.1241	1523.0000	4577.0000
632.6286	1529.0000	4509.0000
632.1330	1539.0000	4610.0000
631.6375	1510.0000	4601.0000
631.1419	1455.0000	4601.0000
630.6463	1506.0000	4524.0000
630.1508	1530.0000	4602.0000
629.6552	1528.0000	4676.0000
629.1596	1516.0000	4408.0000
628.6641	1506.0000	4640.0000
628.1685	1552.0000	4616.0000
627.6729	1536.0000	4541.0000
627.1774	1563.0000	4613.0000
626.6818	1556.0000	4626.0000
626.1862	1534.0000	4586.0000
625.6907	1544.0000	4572.0000
625.1951	1530.0000	4560.0000
624.6995	1469.0000	4567.0000
624.2040	1533.0000	4574.0000
623.7084	1551.0000	4728.0000
623.2128	1571.0000	4462.0000
622.7173	1537.0000	4592.0000
622.2217	1509.0000	4489.0000
621.7261	1539.0000	4581.0000
621.2306	1484.0000	4479.0000
620.7350	1520.0000	4575.0000
620.2394	1505.0000	4559.0000
619.7439	1510.0000	4527.0000
619.2483	1517.0000	4514.0000
618.7527	1433.0000	4417.0000
618.2572	1596.0000	4642.0000
617.7616	1482.0000	4494.0000
617.2661	1500.0000	4616.0000
616.7705	1453.0000	4506.0000
616.2749	1560.0000	4633.0000
615.7794	1512.0000	4547.0000
615.2838	1560.0000	4658.0000
614.7882	1549.0000	4562.0000
614.2927	1566.0000	4577.0000
613.7971	1512.0000	4521.0000
613.3015	1524.0000	4452.0000
612.8060	1550.0000	4555.0000
612.3104	1441.0000	4503.0000
611.8148	1483.0000	4663.0000
611.3193	1582.0000	4576.0000
610.8237	1518.0000	4554.0000
610.3281	1486.0000	4570.0000
609.8326	1469.0000	4457.0000
609.3370	1568.0000	4588.0000
608.8414	1504.0000	4554.0000
608.3459	1579.0000	4661.0000
607.8503	1563.0000	4608.0000
607.3547	1431.0000	4464.0000
606.8592	1580.0000	4611.0000
606.3636	1625.0000	4680.0000
605.8680	1588.0000	4699.0000
605.3725	1483.0000	4521.0000
604.8769	1559.0000	4678.0000
604.3813	1523.0000	4621.0000
603.8858	1543.0000	4569.0000
603.3902	1582.0000	4629.0000
602.8947	1545.0000	4682.0000
602.3991	1518.0000	4547.0000
601.9035	1543.0000	4693.0000
601.4080	1517.0000	4624.0000
600.9124	1506.0000	4602.0000
600.4168	1576.0000	4704.0000
599.9213	1503.0000	4607.0000
599.4257	1570.0000	4671.0000
598.9301	1547.0000	4657.0000
598.4346	1572.0000	4546.0000
597.9390	1602.0000	4743.0000
597.4434	1570.0000	4716.0000
596.9479	1545.0000	4550.0000
596.4523	1518.0000	4634.0000
595.9567	1492.0000	4696.0000
595.4612	1538.0000	4645.0000
594.9656	1499.0000	4662.0000
594.4700	1579.0000	4616.0000
593.9745	1596.0000	4705.0000
593.4789	1513.0000	4543.0000
592.9833	1551.0000	4670.0000
592.4878	1522.0000	4627.0000
591.9922	1497.0000	4518.0000
591.4966	1569.0000	4712.0000
591.0011	1565.0000	4649.0000
590.5055	1540.0000	4560.0000
590.0099	1523.0000	4663.0000
589.5144	1553.0000	4643.0000
589.0188	1483.0000	4614.0000
588.5233	1489.0000	4630.0000
588.0277	1531.0000	4632.0000
587.5321	1555.0000	4635.0000
587.0366	1533.0000	4651.0000
586.5410	1526.0000	4627.0000
586.0454	1566.0000	4771.0000
585.5499	1507.0000	4602.0000
585.0543	1475.0000	4611.0000
584.5587	1521.0000	4665.0000
584.0632	1500.0000	4581.0000
583.5676	1532.0000	4687.0000
583.0720	1563.0000	4636.0000
582.5765	1530.0000	4694.0000
582.0809	1518.0000	4622.0000
581.5853	1510.0000	4714.0000
581.0898	1545.0000	4704.0000
580.5942	1526.0000	4666.0000
580.0986	1537.0000	4566.0000
579.6031	1516.0000	4648.0000
579.1075	1490.0000	4600.0000
578.6119	1527.0000	4666.0000
578.1164	1518.0000	4644.0000
577.6208	1577.0000	4700.0000
577.1252	1534.0000	4606.0000
576.6297	1490.0000	4612.0000
576.1342	1577.0000	4723.0000
575.6385	1507.0000	4606.0000
575.1430	1544.0000	4736.0000
574.6475	1551.0000	4749.0000
574.1519	1536.0000	4676.0000
573.6563	1523.0000	4652.0000
573.1607	1533.0000	4659.0000
572.6652	1583.0000	4749.0000
572.1696	1592.0000	4728.0000
571.6740	1469.0000	4455.0000
571.1785	1488.0000	4552.0000
570.6829	1536.0000	4709.0000
570.1873	1579.0000	4693.0000
569.6918	1537.0000	4710.0000
569.1962	1601.0000	4721.0000
568.7006	1545.0000	4624.0000
568.2051	1529.0000	4692.0000
567.7095	1587.0000	4656.0000
567.2139	1541.0000	4696.0000
566.7184	1489.0000	4613.0000
566.2228	1504.0000	4627.0000
565.7272	1560.0000	4658.0000
565.2317	1549.0000	4605.0000
564.7361	1534.0000	4713.0000
564.2405	1536.0000	4651.0000
563.7450	1609.0000	4764.0000
563.2495	1574.0000	4681.0000
562.7538	1556.0000	4679.0000
562.2583	1538.0000	4657.0000
561.7628	1518.0000	4607.0000
561.2672	1551.0000	4623.0000
560.7716	1507.0000	4652.0000
560.2761	1557.0000	4669.0000
559.7805	1742.0000	5045.0000
559.2849	1692.0000	4959.0000
558.7894	1688.0000	5018.0000
558.2938	1770.0000	5338.0000
557.7982	1753.0000	5328.0000
557.3026	1649.0000	4927.0000
556.8071	1669.0000	4913.0000
556.3115	1611.0000	4846.0000
555.8159	1590.0000	4756.0000
555.3204	1525.0000	4597.0000
554.8248	1565.0000	4743.0000
554.3292	1515.0000	4719.0000
553.8337	1584.0000	4677.0000
553.3381	1567.0000	4654.0000
552.8425	1588.0000	4701.0000
552.3470	1643.0000	4832.0000
551.8514	1595.0000	4809.0000
551.3558	1620.0000	4830.0000
550.8603	1547.0000	4884.0000
550.3647	1566.0000	4776.0000
549.8691	1569.0000	4770.0000
549.3736	1666.0000	4838.0000
548.8781	1582.0000	4775.0000
548.3824	1588.0000	4743.0000
547.8869	1550.0000	4623.0000
547.3914	1569.0000	4766.0000
546.8958	1606.0000	4802.0000
546.4002	1604.0000	4824.0000
545.9047	1550.0000	4760.0000
545.4091	1628.0000	4829.0000
544.9135	1591.0000	4804.0000
544.4180	1663.0000	4838.0000
543.9224	1598.0000	4717.0000
543.4268	1613.0000	4989.0000
542.9313	1635.0000	4888.0000
542.4357	1673.0000	4880.0000
541.9401	1640.0000	4865.0000
541.4446	1635.0000	4841.0000
540.9490	1604.0000	4828.0000
540.4534	1726.0000	5053.0000
539.9578	1654.0000	5003.0000
539.4623	1664.0000	5052.0000
538.9667	1786.0000	5158.0000
538.4711	1689.0000	5273.0000
537.9756	1700.0000	5107.0000
537.4800	1669.0000	4998.0000
536.9844	1722.0000	5072.0000
536.4889	1695.0000	5024.0000
535.9933	1649.0000	5038.0000
535.4977	1610.0000	4983.0000
535.0022	1656.0000	5077.0000
534.5067	1696.0000	5022.0000
534.0110	1696.0000	5002.0000
533.5155	1673.0000	4933.0000
533.0200	1653.0000	4925.0000
532.5244	1658.0000	4970.0000
532.0288	1663.0000	4940.0000
531.5333	1653.0000	4881.0000
531.0377	1687.0000	5043.0000
530.5421	1629.0000	4983.0000
530.0466	1631.0000	4887.0000
529.5510	1664.0000	4952.0000
529.0554	1651.0000	4957.0000
528.5599	1653.0000	4988.0000
528.0643	1736.0000	4944.0000
527.5687	1672.0000	5002.0000
527.0732	1662.0000	5009.0000
526.5776	1659.0000	4957.0000
526.0820	1723.0000	5036.0000
525.5865	1691.0000	5163.0000
525.0909	1671.0000	5066.0000
524.5953	1697.0000	5085.0000
524.0997	1680.0000	5009.0000
523.6042	1774.0000	5129.0000
523.1086	1681.0000	5149.0000
522.6130	1715.0000	5163.0000
522.1175	1744.0000	5241.0000
521.6219	1687.0000	5156.0000
521.1263	1668.0000	5052.0000
520.6308	1772.0000	5324.0000
520.1353	1706.0000	5265.0000
519.6396	1811.0000	5299.0000
519.1441	1738.0000	5385.0000
518.6486	1794.0000	5411.0000
518.1530	1797.0000	5411.0000
517.6574	1788.0000	5474.0000
517.1619	1888.0000	5707.0000
516.6663	1902.0000	5659.0000
516.1707	1895.0000	5618.0000
515.6752	1854.0000	5635.0000
515.1796	1853.0000	5640.0000
514.6840	1896.0000	5708.0000
514.1885	1917.0000	5739.0000
513.6929	1842.0000	5624.0000
513.1973	1921.0000	5568.0000
512.7018	1867.0000	5597.0000
512.2062	1818.0000	5529.0000
511.7106	1797.0000	5565.0000
511.2151	1860.0000	5540.0000
510.7195	1798.0000	5499.0000
510.2239	1766.0000	5361.0000
509.7284	1818.0000	5438.0000
509.2328	1781.0000	5459.0000
508.7372	1812.0000	5447.0000
508.2417	1764.0000	5361.0000
507.7461	1809.0000	5374.0000
507.2505	1739.0000	5328.0000
506.7550	1844.0000	5475.0000
506.2594	1721.0000	5339.0000
505.7639	1777.0000	5324.0000
505.2683	1763.0000	5264.0000
504.7727	1792.0000	5357.0000
504.2772	1734.0000	5315.0000
503.7816	1753.0000	5409.0000
503.2860	1789.0000	5523.0000
502.7904	1767.0000	5538.0000
502.2949	1735.0000	5315.0000
501.7993	1794.0000	5449.0000
501.3037	1780.0000	5414.0000
500.8082	1840.0000	5532.0000
500.3126	1856.0000	5474.0000
499.8170	1799.0000	5387.0000
499.3215	1777.0000	5381.0000
498.8259	1837.0000	5536.0000
498.3304	1771.0000	5501.0000
497.8348	1816.0000	5442.0000
497.3392	1805.0000	5396.0000
496.8437	1871.0000	5583.0000
496.3481	1883.0000	5537.0000
495.8525	1859.0000	5399.0000
495.3570	1842.0000	5541.0000
494.8614	1841.0000	5480.0000
494.3658	1834.0000	5589.0000
493.8703	1823.0000	5509.0000
493.3747	1822.0000	5404.0000
492.8792	1892.0000	5626.0000
492.3836	1873.0000	5582.0000
491.8880	1869.0000	5618.0000
491.3925	1884.0000	5643.0000
490.8969	1902.0000	5562.0000
490.4013	1851.0000	5629.0000
489.9058	1884.0000	5606.0000
489.4102	1872.0000	5581.0000
488.9146	1844.0000	5666.0000
488.4191	1868.0000	5614.0000
487.9235	1908.0000	5624.0000
487.4279	1907.0000	5686.0000
486.9323	1871.0000	5575.0000
486.4368	1839.0000	5440.0000
485.9412	1895.0000	5611.0000
485.4456	1842.0000	5584.0000
484.9501	1858.0000	5523.0000
484.4545	1821.0000	5500.0000
483.9590	1839.0000	5510.0000
483.4634	1808.0000	5526.0000
482.9678	1903.0000	5571.0000
482.4723	1806.0000	5593.0000
481.9767	1887.0000	5703.0000
481.4811	1802.0000	5508.0000
480.9856	1818.0000	5488.0000
480.4900	1928.0000	5680.0000
479.9944	1881.0000	5577.0000
479.4989	1906.0000	5637.0000
479.0033	1906.0000	5622.0000
478.5078	1818.0000	5602.0000
478.0122	1878.0000	5646.0000
477.5166	1881.0000	5655.0000
477.0211	1897.0000	5735.0000
476.5255	1849.0000	5576.0000
476.0299	1873.0000	5548.0000
475.5344	1924.0000	5699.0000
475.0388	1918.0000	5785.0000
474.5432	1826.0000	5534.0000
474.0477	1861.0000	5690.0000
473.5521	1836.0000	5572.0000
473.0565	1841.0000	5586.0000
472.5610	1869.0000	5648.0000
472.0654	1885.0000	5681.0000
471.5698	1794.0000	5530.0000
471.0743	1819.0000	5564.0000
470.5787	1850.0000	5489.0000
470.0831	1921.0000	5700.0000
469.5876	1840.0000	5633.0000
469.0920	1873.0000	5744.0000
468.5964	1876.0000	5654.0000
468.1009	1785.0000	5517.0000
467.6053	1895.0000	5642.0000
467.1097	1837.0000	5675.0000
466.6142	1808.0000	5504.0000
466.1186	1925.0000	5794.0000
465.6230	1882.0000	5564.0000
465.1275	1956.0000	5741.0000
464.6319	1902.0000	5528.0000
464.1364	1908.0000	5691.0000
463.6408	1910.0000	5758.0000
463.1452	1886.0000	5620.0000
462.6497	1905.0000	5678.0000
462.1541	1947.0000	5719.0000
461.6585	1875.0000	5665.0000
461.1630	1947.0000	5821.0000
460.6674	1839.0000	5540.0000
460.1718	1880.0000	5570.0000
459.6763	1926.0000	5623.0000
459.1807	1898.0000	5597.0000
458.6851	1872.0000	5716.0000
458.1896	1860.0000	5607.0000
457.6940	1864.0000	5620.0000
457.1984	1889.0000	5670.0000
456.7029	1850.0000	5554.0000
456.2073	1876.0000	5716.0000
455.7117	1938.0000	5759.0000
455.2162	1853.0000	5681.0000
454.7206	1857.0000	5707.0000
454.2250	1969.0000	5716.0000
453.7295	1813.0000	5578.0000
453.2339	1909.0000	5698.0000
452.7383	1966.0000	5772.0000
452.2428	1908.0000	5655.0000
451.7472	1888.0000	5700.0000
451.2516	1905.0000	5798.0000
450.7561	1882.0000	5618.0000
450.2605	1966.0000	5766.0000
449.7650	1854.0000	5629.0000
449.2694	1882.0000	5740.0000
448.7738	1897.0000	5718.0000
448.2783	1892.0000	5720.0000
447.7827	1894.0000	5690.0000
447.2871	1950.0000	5780.0000
446.7916	1842.0000	5688.0000
446.2960	1954.0000	5727.0000
445.8004	1903.0000	5701.0000
445.3049	1844.0000	5613.0000
444.8093	1864.0000	5671.0000
444.3137	1899.0000	5765.0000
443.8182	1808.0000	5587.0000
443.3226	1880.0000	5643.0000
442.8270	1870.0000	5651.0000
442.3315	1920.0000	5667.0000
441.8359	1880.0000	5636.0000
441.3403	1928.0000	5551.0000
440.8448	1903.0000	5604.0000
440.3492	1856.0000	5803.0000
439.8536	1873.0000	5703.0000
439.3581	1805.0000	5620.0000
438.8625	1879.0000	5647.0000
438.3669	1870.0000	5554.0000
437.8714	1902.0000	5755.0000
437.3758	1904.0000	5788.0000
436.8802	1879.0000	5725.0000
436.3847	1901.0000	5626.0000
435.8891	1907.0000	5726.0000
435.3936	1908.0000	5747.0000
434.8980	1884.0000	5636.0000
434.4024	1849.0000	5714.0000
433.9069	1911.0000	5766.0000
433.4113	1915.0000	5723.0000
432.9157	1864.0000	5635.0000
432.4202	1864.0000	5771.0000
431.9246	1908.0000	5764.0000
431.4290	1887.0000	5671.0000
430.9335	1884.0000	5770.0000
430.4379	1890.0000	5742.0000
429.9424	1930.0000	5772.0000
429.4468	1897.0000	5729.0000
428.9512	1899.0000	5810.0000
428.4556	1871.0000	5605.0000
427.9601	1943.0000	5725.0000
427.4645	2017.0000	5914.0000
426.9689	1907.0000	5702.0000
426.4734	1866.0000	5672.0000
425.9778	1924.0000	5748.0000
425.4822	1938.0000	5746.0000
424.9867	1994.0000	5853.0000
424.4911	1925.0000	5744.0000
423.9955	1930.0000	5855.0000
423.5000	1992.0000	5787.0000
423.0044	1924.0000	5890.0000
422.5089	1918.0000	6004.0000
422.0133	1989.0000	5908.0000
421.5177	1955.0000	5868.0000
421.0222	1958.0000	5994.0000
420.5266	1991.0000	6017.0000
420.0310	2051.0000	6163.0000
419.5355	2045.0000	6006.0000
419.0399	2039.0000	6114.0000
418.5443	1947.0000	5990.0000
418.0488	2001.0000	5996.0000
417.5532	2051.0000	6130.0000
417.0576	2104.0000	6160.0000
416.5621	2015.0000	6158.0000
416.0665	1953.0000	6066.0000
415.5710	2121.0000	6280.0000
415.0754	2103.0000	6248.0000
414.5798	2193.0000	6539.0000
414.0843	2166.0000	6469.0000
413.5887	2104.0000	6371.0000
413.0931	2312.0000	6796.0000
412.5976	2338.0000	6773.0000
412.1020	2391.0000	7019.0000
411.6064	2356.0000	7062.0000
411.1108	2561.0000	7713.0000
410.6153	2530.0000	7574.0000
410.1197	2569.0000	7668.0000
409.6241	2776.0000	8308.0000
409.1286	2803.0000	8533.0000
408.6330	2835.0000	8519.0000
408.1375	2880.0000	8594.0000
407.6419	2894.0000	8720.0000
407.1463	2776.0000	8141.0000
406.6508	2659.0000	7981.0000
406.1552	2397.0000	7220.0000
405.6596	2417.0000	7245.0000
405.1641	2463.0000	7300.0000
404.6685	2239.0000	6763.0000
404.1729	2272.0000	6825.0000
403.6774	2230.0000	6537.0000
403.1818	2199.0000	6669.0000
402.6862	2222.0000	6672.0000
402.1907	2194.0000	6661.0000
401.6951	2171.0000	6687.0000
401.1996	2304.0000	6826.0000
400.7040	2222.0000	6513.0000
400.2084	2169.0000	6652.0000
399.7129	2232.0000	6671.0000
399.2173	2192.0000	6735.0000
398.7217	2180.0000	6747.0000
398.2262	2295.0000	6756.0000
397.7306	2296.0000	6856.0000
397.2350	2328.0000	6821.0000
396.7395	2236.0000	6827.0000
396.2439	2339.0000	6991.0000
395.7483	2309.0000	6848.0000
395.2527	2250.0000	6774.0000
394.7572	2338.0000	6944.0000
394.2616	2303.0000	6921.0000
393.7661	2310.0000	7007.0000
393.2705	2351.0000	7007.0000
392.7749	2298.0000	6968.0000
392.2794	2344.0000	7050.0000
391.7838	2400.0000	7024.0000
391.2882	2357.0000	7079.0000
390.7927	2352.0000	7016.0000
390.2971	2318.0000	6905.0000
389.8015	2419.0000	7171.0000
389.3060	2413.0000	7198.0000
388.8104	2377.0000	7071.0000
388.3148	2306.0000	7046.0000
387.8193	2404.0000	7192.0000
387.3237	2427.0000	7242.0000
386.8282	2466.0000	7347.0000
386.3326	2432.0000	7391.0000
385.8370	2427.0000	7390.0000
385.3415	2531.0000	7685.0000
384.8459	2549.0000	7760.0000
384.3503	2557.0000	7804.0000
383.8548	2627.0000	7915.0000
383.3592	2687.0000	7847.0000
382.8636	2769.0000	8364.0000
382.3681	2774.0000	8128.0000
381.8725	2818.0000	8408.0000
381.3769	2890.0000	8578.0000
380.8814	2874.0000	8523.0000
380.3858	2732.0000	8212.0000
379.8902	2738.0000	8269.0000
379.3947	2602.0000	7930.0000
378.8991	2631.0000	7892.0000
378.4035	2571.0000	7820.0000
377.9080	2610.0000	7769.0000
377.4124	2594.0000	7781.0000
376.9168	2499.0000	7606.0000
376.4213	2610.0000	7621.0000
375.9257	2446.0000	7426.0000
375.4301	2491.0000	7422.0000
374.9346	2414.0000	7412.0000
374.4390	2436.0000	7353.0000
373.9435	2542.0000	7535.0000
373.4479	2451.0000	7398.0000
372.9523	2390.0000	7321.0000
372.4568	2476.0000	7387.0000
371.9612	2510.0000	7506.0000
371.4656	2522.0000	7433.0000
370.9701	2510.0000	7534.0000
370.4745	2432.0000	7476.0000
369.9789	2452.0000	7433.0000
369.4834	2451.0000	7285.0000
368.9878	2510.0000	7605.0000
368.4922	2405.0000	7345.0000
367.9967	2454.0000	7458.0000
367.5011	2551.0000	7562.0000
367.0055	2468.0000	7432.0000
366.5100	2513.0000	7486.0000
366.0144	2414.0000	7403.0000
365.5188	2523.0000	7546.0000
365.0233	2505.0000	7527.0000
364.5277	2472.0000	7615.0000
364.0321	2483.0000	7478.0000
363.5366	2369.0000	7460.0000
363.0410	2512.0000	7564.0000
362.5454	2530.0000	7546.0000
362.0499	2486.0000	7516.0000
361.5543	2483.0000	7515.0000
361.0587	2425.0000	7491.0000
360.5632	2608.0000	7680.0000
360.0676	2538.0000	7653.0000
359.5721	2590.0000	7580.0000
359.0765	2524.0000	7616.0000
358.5809	2595.0000	7595.0000
358.0854	2488.0000	7562.0000
357.5898	2484.0000	7516.0000
357.0942	2515.0000	7575.0000
356.5987	2519.0000	7515.0000
356.1031	2474.0000	7540.0000
355.6075	2495.0000	7452.0000
355.1120	2426.0000	7487.0000
354.6164	2519.0000	7523.0000
354.1208	2452.0000	7575.0000
353.6253	2527.0000	7490.0000
353.1297	2537.0000	7698.0000
352.6341	2500.0000	7511.0000
352.1386	2512.0000	7500.0000
351.6430	2495.0000	7569.0000
351.1474	2533.0000	7561.0000
350.6519	2498.0000	7515.0000
350.1563	2557.0000	7605.0000
349.6607	2540.0000	7544.0000
349.1652	2472.0000	7446.0000
348.6696	2476.0000	7447.0000
348.1740	2506.0000	7567.0000
347.6785	2558.0000	7599.0000
347.1829	2563.0000	7666.0000
346.6873	2462.0000	7503.0000
346.1918	2546.0000	7593.0000
345.6962	2529.0000	7554.0000
345.2007	2529.0000	7650.0000
344.7051	2507.0000	7369.0000
344.2095	2449.0000	7470.0000
343.7140	2511.0000	7649.0000
343.2184	2458.0000	7489.0000
342.7228	2560.0000	7607.0000
342.2273	2538.0000	7662.0000
341.7317	2523.0000	7588.0000
341.2361	2540.0000	7620.0000
340.7406	2525.0000	7503.0000
340.2450	2565.0000	7511.0000
339.7495	2604.0000	7600.0000
339.2539	2589.0000	7638.0000
338.7583	2562.0000	7657.0000
338.2628	2589.0000	7735.0000
337.7672	2584.0000	7584.0000
337.2716	2627.0000	7687.0000
336.7760	2607.0000	7737.0000
336.2805	2494.0000	7591.0000
335.7849	2537.0000	7648.0000
335.2893	2514.0000	7569.0000
334.7938	2525.0000	7687.0000
334.2982	2580.0000	7574.0000
333.8026	2518.0000	7553.0000
333.3071	2532.0000	7602.0000
332.8115	2534.0000	7608.0000
332.3159	2531.0000	7685.0000
331.8204	2581.0000	7674.0000
331.3248	2560.0000	7697.0000
330.8293	2533.0000	7672.0000
330.3337	2543.0000	7556.0000
329.8381	2422.0000	7497.0000
329.3426	2572.0000	7706.0000
328.8470	2574.0000	7635.0000
328.3514	2518.0000	7697.0000
327.8559	2460.0000	7534.0000
327.3603	2625.0000	7695.0000
326.8647	2573.0000	7724.0000
326.3692	2567.0000	7728.0000
325.8736	2607.0000	7776.0000
325.3781	2545.0000	7644.0000
324.8825	2560.0000	7556.0000
324.3869	2533.0000	7667.0000
323.8914	2607.0000	7819.0000
323.3958	2527.0000	7646.0000
322.9002	2532.0000	7714.0000
322.4047	2546.0000	7757.0000
321.9091	2533.0000	7772.0000
321.4135	2562.0000	7679.0000
320.9180	2492.0000	7623.0000
320.4224	2569.0000	7732.0000
319.9268	2528.0000	7637.0000
319.4312	2607.0000	7715.0000
318.9357	2515.0000	7660.0000
318.4401	2650.0000	7668.0000
317.9445	2542.0000	7683.0000
317.4490	2563.0000	7714.0000
316.9534	2495.0000	7663.0000
316.4579	2608.0000	7824.0000
315.9623	2514.0000	7675.0000
315.4667	2561.0000	7734.0000
314.9712	2609.0000	7746.0000
314.4756	2563.0000	7695.0000
313.9800	2546.0000	7729.0000
313.4845	2638.0000	7810.0000
312.9889	2595.0000	7750.0000
312.4933	2649.0000	7733.0000
311.9978	2566.0000	7847.0000
311.5022	2511.0000	7812.0000
311.0067	2639.0000	7780.0000
310.5111	2614.0000	7795.0000
310.0155	2589.0000	7705.0000
309.5200	2617.0000	7634.0000
309.0244	2569.0000	7799.0000
308.5288	2613.0000	7777.0000
308.0333	2591.0000	7878.0000
307.5377	2499.0000	7607.0000
307.0421	2582.0000	7742.0000
306.5466	2523.0000	7661.0000
306.0510	2570.0000	7753.0000
305.5554	2559.0000	7803.0000
305.0599	2587.0000	7762.0000
304.5643	2521.0000	7607.0000
304.0687	2610.0000	7791.0000
303.5732	2557.0000	7698.0000
303.0776	2633.0000	7831.0000
302.5820	2666.0000	7757.0000
302.0865	2581.0000	7705.0000
301.5909	2589.0000	7785.0000
301.0953	2646.0000	7816.0000
300.5998	2618.0000	7754.0000
300.1042	2592.0000	7578.0000
299.6086	2552.0000	7716.0000
299.1131	2581.0000	7818.0000
298.6175	2567.0000	7837.0000
298.1219	2669.0000	7838.0000
297.6264	2663.0000	7841.0000
297.1308	2611.0000	7917.0000
296.6353	2639.0000	7829.0000
296.1397	2559.0000	7788.0000
295.6441	2655.0000	7842.0000
295.1486	2612.0000	7743.0000
294.6530	2559.0000	7760.0000
294.1574	2637.0000	7854.0000
293.6619	2606.0000	7745.0000
293.1663	2628.0000	7777.0000
292.6707	2627.0000	7783.0000
292.1752	2673.0000	8017.0000
291.6796	2551.0000	7792.0000
291.1840	2547.0000	7799.0000
290.6885	2598.0000	7780.0000
290.1929	2576.0000	7826.0000
289.6973	2666.0000	7813.0000
289.2018	2655.0000	7890.0000
288.7062	2643.0000	7925.0000
288.2106	2608.0000	7840.0000
287.7151	2589.0000	7839.0000
287.2195	2644.0000	7892.0000
286.7239	2565.0000	7839.0000
286.2284	2623.0000	7854.0000
285.7328	2561.0000	7829.0000
285.2372	2585.0000	7819.0000
284.7417	2636.0000	7932.0000
284.2461	2641.0000	7974.0000
283.7505	2614.0000	7836.0000
283.2550	2639.0000	7878.0000
282.7594	2623.0000	7983.0000
282.2639	2631.0000	7897.0000
281.7683	2612.0000	7980.0000
281.2727	2679.0000	7965.0000
280.7772	2647.0000	7971.0000
280.2816	2706.0000	8034.0000
279.7860	2725.0000	8134.0000
279.2905	2670.0000	8040.0000
278.7949	2746.0000	8149.0000
278.2993	2744.0000	8165.0000
277.8038	2738.0000	8206.0000
277.3082	2718.0000	8125.0000
276.8126	2737.0000	8247.0000
276.3171	2729.0000	8116.0000
275.8215	2764.0000	8138.0000
275.3259	2760.0000	8169.0000
274.8304	2747.0000	8240.0000
274.3348	2812.0000	8457.0000
273.8392	2862.0000	8505.0000
273.3437	2774.0000	8337.0000
272.8481	2867.0000	8503.0000
272.3525	2820.0000	8369.0000
271.8570	2793.0000	8427.0000
271.3614	2866.0000	8516.0000
270.8658	2801.0000	8445.0000
270.3703	2827.0000	8410.0000
269.8747	2944.0000	8606.0000
269.3792	2809.0000	8433.0000
268.8836	2871.0000	8564.0000
268.3880	2737.0000	8447.0000
267.8925	2853.0000	8591.0000
267.3969	2814.0000	8506.0000
266.9013	2849.0000	8582.0000
266.4058	2889.0000	8634.0000
265.9102	2885.0000	8557.0000
265.4146	2836.0000	8629.0000
264.9191	2842.0000	8435.0000
264.4235	2860.0000	8415.0000
263.9279	2862.0000	8493.0000
263.4324	2858.0000	8528.0000
262.9368	2858.0000	8612.0000
262.4413	2839.0000	8478.0000
261.9457	2792.0000	8564.0000
261.4501	2775.0000	8345.0000
260.9545	2793.0000	8443.0000
260.4590	2789.0000	8573.0000
259.9634	2839.0000	8409.0000
259.4678	2849.0000	8549.0000
258.9723	2858.0000	8532.0000
258.4767	2815.0000	8434.0000
257.9811	2867.0000	8586.0000
257.4856	2892.0000	8565.0000
256.9900	2884.0000	8438.0000
256.4944	2874.0000	8537.0000
255.9989	2880.0000	8555.0000
255.5033	2820.0000	8447.0000
255.0078	2787.0000	8433.0000
254.5122	2860.0000	8581.0000
254.0166	2828.0000	8471.0000
253.5211	2855.0000	8562.0000
253.0255	2864.0000	8559.0000
252.5299	2817.0000	8602.0000
252.0344	2820.0000	8522.0000
251.5388	2876.0000	8551.0000
251.0432	2801.0000	8546.0000
250.5477	2887.0000	8567.0000
250.0521	2889.0000	8589.0000
249.5565	2887.0000	8650.0000
249.0610	2939.0000	8611.0000
248.5654	2852.0000	8632.0000
248.0698	2878.0000	8592.0000
247.5743	2887.0000	8694.0000
247.0787	2930.0000	8701.0000
246.5831	2884.0000	8621.0000
246.0876	2930.0000	8761.0000
245.5920	2918.0000	8632.0000
245.0965	2878.0000	8750.0000
244.6009	2834.0000	8751.0000
244.1053	2869.0000	8582.0000
243.6098	2929.0000	8695.0000
243.1142	2827.0000	8663.0000
242.6186	2918.0000	8652.0000
242.1231	2870.0000	8626.0000
241.6275	2849.0000	8650.0000
241.1319	2891.0000	8641.0000
240.6364	2852.0000	8669.0000
240.1408	2859.0000	8617.0000
239.6452	2876.0000	8579.0000
239.1497	2781.0000	8436.0000
238.6541	2848.0000	8543.0000
238.1585	2891.0000	8649.0000
237.6630	2853.0000	8628.0000
237.1674	2774.0000	8577.0000
236.6718	2879.0000	8630.0000
236.1763	2927.0000	8639.0000
235.6807	2912.0000	8798.0000
235.1851	2878.0000	8598.0000
234.6896	2985.0000	8884.0000
234.1940	2977.0000	8709.0000
233.6984	2835.0000	8666.0000
233.2029	2927.0000	8620.0000
232.7073	2936.0000	8748.0000
232.2117	2849.0000	8621.0000
231.7162	2922.0000	8740.0000
231.2206	2939.0000	8647.0000
230.7251	2923.0000	8676.0000
230.2295	2890.0000	8725.0000
229.7339	2853.0000	8673.0000
229.2384	2913.0000	8759.0000
228.7428	2917.0000	8872.0000
228.2472	2881.0000	8685.0000
227.7517	2853.0000	8640.0000
227.2561	2944.0000	8879.0000
226.7605	2867.0000	8680.0000
226.2650	2896.0000	8881.0000
225.7694	2959.0000	8789.0000
225.2738	2915.0000	8825.0000
224.7783	2929.0000	8820.0000
224.2827	2955.0000	8869.0000
223.7871	2892.0000	8764.0000
223.2916	2950.0000	8779.0000
222.7960	2918.0000	8952.0000
222.3004	2963.0000	8900.0000
221.8049	2982.0000	8998.0000
221.3093	2887.0000	8847.0000
220.8138	2912.0000	8924.0000
220.3182	2994.0000	9052.0000
219.8226	2984.0000	8997.0000
219.3271	2917.0000	8926.0000
218.8315	2922.0000	8878.0000
218.3359	2911.0000	8813.0000
217.8403	3003.0000	9013.0000
217.3448	3087.0000	9057.0000
216.8492	2981.0000	8932.0000
216.3537	3030.0000	8871.0000
215.8581	2948.0000	8844.0000
215.3625	3005.0000	9057.0000
214.8670	3019.0000	8938.0000
214.3714	3004.0000	8886.0000
213.8758	3025.0000	8928.0000
213.3803	3106.0000	9092.0000
212.8847	3020.0000	8986.0000
212.3891	2948.0000	8938.0000
211.8936	2986.0000	8974.0000
211.3980	3034.0000	8995.0000
210.9024	2998.0000	9016.0000
210.4069	3052.0000	8939.0000
209.9113	3036.0000	9058.0000
209.4157	2987.0000	9097.0000
208.9202	2953.0000	9015.0000
208.4246	2986.0000	9101.0000
207.9290	3105.0000	9130.0000
207.4335	3004.0000	9067.0000
206.9379	3067.0000	9119.0000
206.4424	2994.0000	9100.0000
205.9468	3044.0000	9140.0000
205.4512	3122.0000	9232.0000
204.9557	2996.0000	9080.0000
204.4601	3009.0000	9089.0000
203.9645	3024.0000	9085.0000
203.4690	3078.0000	9242.0000
202.9734	3077.0000	9178.0000
202.4778	3011.0000	9120.0000
201.9823	3047.0000	9106.0000
201.4867	3100.0000	9225.0000
200.9911	3121.0000	9346.0000
200.4956	3128.0000	9285.0000
